"choix_order","choix_id","question_id"
"0","4C6AE4E18514140E78D6116F51E7DDEB","006F52E9102A8D3BE2FE5614F42BA989"
"1","C3AE13B68907389B5DAAD4C19E4E9816","006F52E9102A8D3BE2FE5614F42BA989"
"0","83DFF3966C9101CA46EDEBCF7C685810","013D407166EC4FA56EB1E1F8CBE183B9"
"1","A7ACD0346943D0C4BF2AB3B45C074E7C","013D407166EC4FA56EB1E1F8CBE183B9"
"0","C6212798B661ABC546CD2B6F5B6F596D","02522A2B2726FB0A03BB19F2D8D9524D"
"1","3816C6A22A60E9F21430954151BA8D1A","02522A2B2726FB0A03BB19F2D8D9524D"
"0","FA4A1C04C8B1B7A5FE484351EB44BCCA","02E74F10E0327AD868D138F2B4FDD6F0"
"1","60B25DB9C1A9AC1E41B9DF4E85AE79EB","02E74F10E0327AD868D138F2B4FDD6F0"
"0","042FBFBEAD0611E7B3CE001851D17886","042F2AFDAD0611E7B3CE001851D17886"
"1","042FC844AD0611E7B3CE001851D17886","042F2AFDAD0611E7B3CE001851D17886"
"0","24BCB84B9DBA22AA3603921120DA5A89","045117B0E0A11A242B9765E79CBF113F"
"1","102B6C73E772D38096641B584E577164","045117B0E0A11A242B9765E79CBF113F"
"0","E97C0B5A20760BF89595D966AF352491","060AD92489947D410D897474079C1477"
"1","0FEE4EDA72ECCD97097EE215691F1AD5","060AD92489947D410D897474079C1477"
"0","85B54207A10417034196A9A8E5B1CF4F","06138BC5AF6023646EDE0E1F7C1EAC75"
"1","E0B65D031BA59F7B8207CCD1D9094C7E","06138BC5AF6023646EDE0E1F7C1EAC75"
"0","BB6C881166AD0F9161398E6EDBB06E83","069059B7EF840F0C74A814EC9237B6EC"
"1","9BAE8312987B08A189219947E4F0E397","069059B7EF840F0C74A814EC9237B6EC"
"0","DF76B4D0CD15A07CA58C39B9C31CC5CE","0777D5C17D4066B82AB86DFF8A46AF6F"
"1","B764E0411569D915B0D2D072A491130C","0777D5C17D4066B82AB86DFF8A46AF6F"
"0","A99CB4664B7E7E63B663D14559CEADA0","07CDFD23373B17C6B337251C22B7EA57"
"1","820338A41D5F59BB881F162F9C6DF7E1","07CDFD23373B17C6B337251C22B7EA57"
"0","F04215C64C34C780F40A73B3416CA7D5","084B6FBB10729ED4DA8C3D3F5A3AE7C9"
"1","618DC68F7F3E5AAC690D346579C75064","084B6FBB10729ED4DA8C3D3F5A3AE7C9"
"0","6CCEB52FA82EFAA0671E119AECA3DE67","091D584FCED301B442654DD8C23B3FC9"
"1","22973ED4989C5F4F58976010E1DFFA88","091D584FCED301B442654DD8C23B3FC9"
"0","4B59C3F4DFF6F727E2C6FF11A0620EA9","0A09C8844BA8F0936C20BD791130D6B6"
"1","61926790ED6629194093F2D925B4CBD6","0A09C8844BA8F0936C20BD791130D6B6"
"0","0A15391FAD0611E7B3CE001851D17886","0A149FF6AD0611E7B3CE001851D17886"
"1","0A1540C6AD0611E7B3CE001851D17886","0A149FF6AD0611E7B3CE001851D17886"
"0","725A3A7CF1E4B6244362EE3E0EBADC0D","0AA1883C6411F7873CB83DACB17B0AFC"
"1","4C4CEC94F679E7D09BB5A2AFBFB8A469","0AA1883C6411F7873CB83DACB17B0AFC"
"0","524372EF38B43B31FFCBB18ADFA229C2","0E65972DCE68DAD4D52D063967F0A705"
"1","2C79CB66D334A1A21734DB64DD2DBACE","0E65972DCE68DAD4D52D063967F0A705"
"2","35E14D5C9D3B935CBF574044FB5EBD8F","0E65972DCE68DAD4D52D063967F0A705"
"0","0EEE76711E6211E9997EFA163E3BC92C","0EEE5C5E1E6211E9997EFA163E3BC92C"
"1","0EEE78BD1E6211E9997EFA163E3BC92C","0EEE5C5E1E6211E9997EFA163E3BC92C"
"0","0EF1BD141E6211E9997EFA163E3BC92C","0EF1A0FD1E6211E9997EFA163E3BC92C"
"1","0EF1BF421E6211E9997EFA163E3BC92C","0EF1A0FD1E6211E9997EFA163E3BC92C"
"0","0EF206C51E6211E9997EFA163E3BC92C","0EF1EF4E1E6211E9997EFA163E3BC92C"
"1","0EF2099A1E6211E9997EFA163E3BC92C","0EF1EF4E1E6211E9997EFA163E3BC92C"
"0","C5EB64F3A173C182A826F1AA92739AA6","0F28B5D49B3020AFEECD95B4009ADF4C"
"1","FD48D154BC4CF58C9685262BA35954DA","0F28B5D49B3020AFEECD95B4009ADF4C"
"0","CD162C68E78ED911915989D57A8256E7","0F49C89D1E7298BB9930789C8ED59D48"
"1","8E9B9360E49E6DE56AF9E67BEC96F299","0F49C89D1E7298BB9930789C8ED59D48"
"2","56E295B56438440DFBFEE4537FB08E69","0F49C89D1E7298BB9930789C8ED59D48"
"3","FB91613B02DD0B6127508308F61FE12C","0F49C89D1E7298BB9930789C8ED59D48"
"0","4C1B4D8B75136C918B67EFDA2E29C5E8","115F89503138416A242F40FB7D7F338E"
"1","346C66F984B0462F841263D4486C8CFB","115F89503138416A242F40FB7D7F338E"
"0","79F4230BAE2641E794A9781FAFB83DE6","1385974ED5904A438616FF7BDB3F7439"
"1","FF01AD31D49A033FF62F02182CF0FE8E","1385974ED5904A438616FF7BDB3F7439"
"2","5EED0A7A9B01C421B17F107CDE75307F","1385974ED5904A438616FF7BDB3F7439"
"0","C95A0A2AEED5504FE130018837FDC875","13FE9D84310E77F13A6D184DBF1232F3"
"1","4B481EAFC86C6ACBEA72A09BEA3C2864","13FE9D84310E77F13A6D184DBF1232F3"
"0","F098D2FB257A2B7AD98684AE6398E771","140F6969D5213FD0ECE03148E62E461E"
"1","68402322B5BEEBECD7FE2AAB4FB8C7CD","140F6969D5213FD0ECE03148E62E461E"
"0","0CBD73D55F990467F3040CBF2A3CBC4D","149E9677A5989FD342AE44213DF68868"
"1","2C8C704354513B33FF45F581FE99EBB4","149E9677A5989FD342AE44213DF68868"
"0","BA15C9CCA7FA424F98F1B95475548088","14BFA6BB14875E45BBA028A21ED38046"
"1","719F5CB72585AACD27A91513512981B6","14BFA6BB14875E45BBA028A21ED38046"
"0","4628F7D5568C61B769452B2B095C0AFA","1534B76D325A8F591B52D302E7181331"
"1","F25B0A8F4E6ED799B643FB2AC90DD941","1534B76D325A8F591B52D302E7181331"
"0","01E4CBEDEAE55ACD1699EDC5E550C45D","17E62166FC8586DFA4D1BC0E1742C08B"
"1","62A4222ADA8293B4EAAF97C3245BD152","17E62166FC8586DFA4D1BC0E1742C08B"
"0","C71A62EDF75F72C04506BD6D67AB1E1C","182BE0C5CDCD5072BB1864CDEE4D3D6E"
"1","B08D8E14B74A28326A17167A8E162FFF","182BE0C5CDCD5072BB1864CDEE4D3D6E"
"2","840CCCB4EA1DEA57E38CD2A47B701040","182BE0C5CDCD5072BB1864CDEE4D3D6E"
"3","80F1893A8487C40B0C948D317AC4C281","182BE0C5CDCD5072BB1864CDEE4D3D6E"
"4","7DAFE892A2B7B8E8677EA5637945D3EE","182BE0C5CDCD5072BB1864CDEE4D3D6E"
"5","73B4FA6CF21A086FB7B0856925607904","182BE0C5CDCD5072BB1864CDEE4D3D6E"
"0","2169F6D1F353C8873DD9E6BF3EC680CD","19F3CD308F1455B3FA09A282E0D496F4"
"1","C4B831DA44BE304AF06AFFAFA22C413D","19F3CD308F1455B3FA09A282E0D496F4"
"0","2D640614B32A4E073484ADB6B8AC596C","1AFA34A7F984EEABDBB0A7D494132EE5"
"1","4D70B1894DB8EB4C567DBBF48D7CA85C","1AFA34A7F984EEABDBB0A7D494132EE5"
"0","E4930AA8A9568F105E0164E9586F6916","1C9AC0159C94D8D0CBEDC973445AF2DA"
"1","657ABD3DF925F98109B5070D8416AD61","1C9AC0159C94D8D0CBEDC973445AF2DA"
"0","A1CF5F7346AC609D50CE38830E954F37","1D7F7ABC18FCB43975065399B0D1E48E"
"1","1E9F2FBD9BC5D0D7E88355F434B1302D","1D7F7ABC18FCB43975065399B0D1E48E"
"0","1EEB3B0F61EB11EA8DF2FA163E989830","1EE6D80861EB11EA8DF2FA163E989830"
"1","1EEB3C9561EB11EA8DF2FA163E989830","1EE6D80861EB11EA8DF2FA163E989830"
"0","1FBD33D719A5178DE31F61F7D2309102","1F0E3DAD99908345F7439F8FFABDFFC4"
"1","D54F3433873D1E6F33570ADA47AEDB66","1F0E3DAD99908345F7439F8FFABDFFC4"
"0","873F07E9CF4282AB8DA80F0719EE9D13","1FF1DE774005F8DA13F42943881C655F"
"1","760EEF71FFF39C2E9A808A05A18A1459","1FF1DE774005F8DA13F42943881C655F"
"0","D93E618DA10A1A1DF4DCF4B680165A78","1FF8A7B5DC7A7D1F0ED65AAA29C04B1E"
"1","F9C7239EAFF0C3493BE502BF27B50103","1FF8A7B5DC7A7D1F0ED65AAA29C04B1E"
"0","60AD56FBA7874F5627CDC5A3A3824412","202CB962AC59075B964B07152D234B70"
"1","54013DFC64C2471D9D34BDE689AF04B3","202CB962AC59075B964B07152D234B70"
"0","CC03DB543B4AF37D31D4104D2C0CEE06","20F07591C6FCB220FFE637CDA29BB3F6"
"1","F94DD890AF63AF8A4070002276B97330","20F07591C6FCB220FFE637CDA29BB3F6"
"0","2163519D61EB11EA8DF2FA163E989830","215A53FE61EB11EA8DF2FA163E989830"
"1","2163534761EB11EA8DF2FA163E989830","215A53FE61EB11EA8DF2FA163E989830"
"0","CE8BB558C8C9443B4D1388C57D1D9043","2723D092B63885E0D7C260CC007E8B9D"
"1","C7F78B45E7C990D2D9C2D744879728E7","2723D092B63885E0D7C260CC007E8B9D"
"0","B7AE952A209880DF9DF07CE776EBBC37","274AD4786C3ABCA69FA097B85867D9A4"
"1","B3090DD7C1FB679438AA331BBF34794B","274AD4786C3ABCA69FA097B85867D9A4"
"0","7CD7B4D53E8592BC46304E47E9C516BA","2838023A778DFAECDC212708F721B788"
"1","FF700407709C548A9DD66954EE1D25F9","2838023A778DFAECDC212708F721B788"
"0","2855DD56FFB211E8AA9BFA163EAD7035","284EB298FFB211E8AA9BFA163EAD7035"
"1","2855DF3AFFB211E8AA9BFA163EAD7035","284EB298FFB211E8AA9BFA163EAD7035"
"0","28655008FFB211E8AA9BFA163EAD7035","285B2674FFB211E8AA9BFA163EAD7035"
"1","286552F7FFB211E8AA9BFA163EAD7035","285B2674FFB211E8AA9BFA163EAD7035"
"0","28797513FFB211E8AA9BFA163EAD7035","2871B948FFB211E8AA9BFA163EAD7035"
"1","28797734FFB211E8AA9BFA163EAD7035","2871B948FFB211E8AA9BFA163EAD7035"
"0","288D62EFFFB211E8AA9BFA163EAD7035","28865876FFB211E8AA9BFA163EAD7035"
"1","288D64F4FFB211E8AA9BFA163EAD7035","28865876FFB211E8AA9BFA163EAD7035"
"0","78D3A8F9A8720821ED7970C1EA5BFB83","289DFF07669D7A23DE0EF88D2F7129E7"
"1","FCACABED7E6DA5A667FA723BB71EB327","289DFF07669D7A23DE0EF88D2F7129E7"
"0","059581DAFF6D0C5A9FFAE9D92F7FAF61","28DD2C7955CE926456240B2FF0100BDE"
"1","40B96152BE004329560A49867469ECDD","28DD2C7955CE926456240B2FF0100BDE"
"0","35AF222E6214210F432AE3A4348317DD","2A38A4A9316C49E5A833517C45D31070"
"1","BFA4F389EEE040C314C01E509A8048B2","2A38A4A9316C49E5A833517C45D31070"
"0","4B734E4947EB1AAA3756C2D0DC59BB29","2A79EA27C279E471F4D180B08D62B00A"
"1","31494D7C9AE5653F0F6C6A447F8D6EC2","2A79EA27C279E471F4D180B08D62B00A"
"0","CE916CDB2E64262165B0ACF4A12407BB","2B24D495052A8CE66358EB576B8912C8"
"1","1A60AE0512D4B14C656936613993E6F5","2B24D495052A8CE66358EB576B8912C8"
"0","9DE693E753DE3E4AFEF5AF419C080E9A","2B44928AE11FB9384C4CF38708677C48"
"1","3079617CB85E8C117D8E3BFF97F779B0","2B44928AE11FB9384C4CF38708677C48"
"0","E1282B00E95B8DF342632D12359E8D7E","31FEFC0E570CB3860F2A6D4B38C6490D"
"1","CE56C6C3386236A842D59CA03917194A","31FEFC0E570CB3860F2A6D4B38C6490D"
"0","CA2DE2965648232CF89C210EA97DE903","3295C76ACBF4CAAED33C36B1B5FC2CB1"
"1","958EC073417F24890BA09334EDF64BC7","3295C76ACBF4CAAED33C36B1B5FC2CB1"
"0","59ABEA74A822275F2891A50C73C0D2C4","335F5352088D7D9BF74191E006D8E24C"
"1","977BB250A8326A1A42B94B8CA21A262A","335F5352088D7D9BF74191E006D8E24C"
"0","36C01AB394A3871E7639419728E1252F","33E75FF09DD601BBE69F351039152189"
"1","D76C6DFAA3FCA3721ECBD14E585CA175","33E75FF09DD601BBE69F351039152189"
"2","13A7EA5A853923C2D14B6A12B29BD281","33E75FF09DD601BBE69F351039152189"
"3","C0F4B7B02B555FFE21E1CC2ACDDCDA92","33E75FF09DD601BBE69F351039152189"
"4","A806E46E93485DAFE9434D43B328C730","33E75FF09DD601BBE69F351039152189"
"5","BE1A365A22C916B9D554D0B06759197C","33E75FF09DD601BBE69F351039152189"
"0","03324FE371DE4A8898E367D42C42B466","3416A75F4CEA9109507CACD8E2F2AEFC"
"1","EBDAFBBDABFE2600CD171E09A7E672A4","3416A75F4CEA9109507CACD8E2F2AEFC"
"0","C9D7F132946E820E444558F69177A66E","34173CB38F07F89DDBEBC2AC9128303F"
"1","B49BD7103E39E3E07E9AA9C8565B0350","34173CB38F07F89DDBEBC2AC9128303F"
"0","35DC3F21A363B370E52FB89D0D66494E","35F4A8D465E6E1EDC05F3D8AB658C551"
"1","AAD055A8B212D6F978B39224E8B02B3D","35F4A8D465E6E1EDC05F3D8AB658C551"
"0","1A1BB40711D0BF875B831F7D0D810958","3636638817772E42B59D74CFF571FBB3"
"1","BE169193019E6E35F9F614FD47E8E41E","3636638817772E42B59D74CFF571FBB3"
"0","C3C512332A0F9DB6282820B7F6B80F4B","3644A684F98EA8FE223C713B77189A77"
"1","20D543C30809E9BBF044CD9C80DE982E","3644A684F98EA8FE223C713B77189A77"
"0","F5D8D59783F3591F3DEC3BB503B7393E","36660E59856B4DE58A219BCF4E27EBA3"
"1","3D44D2CB4A2678CF7323E2CFD4F95001","36660E59856B4DE58A219BCF4E27EBA3"
"0","29E6908C3190F66D03C4545CDBC5E820","38AF86134B65D0F10FE33D30DD76442E"
"1","4E58D79C0B08A970412EF066E86A52CA","38AF86134B65D0F10FE33D30DD76442E"
"0","02B4EDE28BE3221B637D87FE565D33E7","38B3EFF8BAF56627478EC76A704E9B52"
"1","52F001EC8506B9B3325AE73C71B51D55","38B3EFF8BAF56627478EC76A704E9B52"
"0","F81EEBC94063A0FEDA630C65AF80E441","39059724F73A9969845DFE4146C5660E"
"1","BFFAB197B3E3DFD6F672432F0756DDD7","39059724F73A9969845DFE4146C5660E"
"0","FE19A960C1AD28ECF40DA348C2E64678","3988C7F88EBCB58C6CE932B957B6F332"
"1","B1BA224722CA51751D8F66482D7DA386","3988C7F88EBCB58C6CE932B957B6F332"
"0","5DBEE15F47DA0D3446BC06BD632EE8D7","3C59DC048E8850243BE8079A5C74D079"
"1","5893926C03B8816E5CBBE276DCAC9059","3C59DC048E8850243BE8079A5C74D079"
"0","69DDF0AB45A668231FF6124883F1FB98","3DEF184AD8F4755FF269862EA77393DD"
"1","975DBDC944FCE75CC04895444FBC5B01","3DEF184AD8F4755FF269862EA77393DD"
"0","E635A531847B523F3DE2F132208BED5E","42A0E188F5033BC65BF8D78622277C4E"
"1","E1065BFFC8500387799D445166EEA16A","42A0E188F5033BC65BF8D78622277C4E"
"0","A3039BEDA25424B763218908A8EDFC53","43EC517D68B6EDD3015B3EDC9A11367B"
"1","AD2EC2EF6823F8B1C83EB0330920152C","43EC517D68B6EDD3015B3EDC9A11367B"
"0","A5846C9F7D5551969BD955BE44EC0057","45FBC6D3E05EBD93369CE542E8F2322D"
"1","2C90A9B5019BD277EDFA616C4E8B074B","45FBC6D3E05EBD93369CE542E8F2322D"
"0","7D204C47F0B6ED76B3B00948376CDEBD","4734BA6F3DE83D861C3176A6273CAC6D"
"1","5C2658F15F36B3554417FC752A0F213C","4734BA6F3DE83D861C3176A6273CAC6D"
"0","5F1B08A60386ED79F559F2A9518B3338","47D1E990583C9C67424D369F3414728E"
"1","50A6CA2236D68E84DA8DD2AC576C1C91","47D1E990583C9C67424D369F3414728E"
"2","97B6E09A1830283DE888D0C11CF29BFC","47D1E990583C9C67424D369F3414728E"
"3","489EC57C7204FAD8A68499EFBA67131B","47D1E990583C9C67424D369F3414728E"
"4","943C6F161191D0972A59B2B6E33EA379","47D1E990583C9C67424D369F3414728E"
"5","462DDAEC558E8B956259DFAEFE3ECC23","47D1E990583C9C67424D369F3414728E"
"0","4146C9B1B29220EF2850C39BE8894682","48AEDB8880CAB8C45637ABC7493ECDDD"
"1","32F0E7FA2EC25916F120CCE6A3C1CA29","48AEDB8880CAB8C45637ABC7493ECDDD"
"2","04E69C116A18214BE3C6FA3E40559CDE","48AEDB8880CAB8C45637ABC7493ECDDD"
"3","6CCFE280AFFCD32A9A59D3AD4837F02A","48AEDB8880CAB8C45637ABC7493ECDDD"
"0","1C5371023ED08770C5511613E3C5B7D8","4C56FF4CE4AAF9573AA5DFF913DF997A"
"1","EA1FAC32EAE1C3F74BBD13A722216E34","4C56FF4CE4AAF9573AA5DFF913DF997A"
"0","A7F518C4B3ACE010863A16F3A30B61B2","4C5BDE74A8F110656874902F07378009"
"1","E7B7B47367076762EC86FDDE72FCD48B","4C5BDE74A8F110656874902F07378009"
"0","296F703B573A4C636B7340A49A1EAF51","502E4A16930E414107EE22B6198C578F"
"1","72280FFF674B0E638F647B8384731F27","502E4A16930E414107EE22B6198C578F"
"0","714C5328CCA00599265BEE8445D7DE30","539FD53B59E3BB12D203F45A912EEAF2"
"1","51A952753BE9B9ACF2743DD5A26048E2","539FD53B59E3BB12D203F45A912EEAF2"
"0","5EF214B33600613BF86AE4B6EBADE2A8","54229ABFCFA5649E7003B83DD4755294"
"1","0AF7DBED027F79AA304F3646C3E16CB4","54229ABFCFA5649E7003B83DD4755294"
"0","6C005743884F1CF919A3E7C40D9DA357","555D6702C950ECB729A966504AF0A635"
"1","CE6749A866543E0A0BD93D0A3EDF5CBB","555D6702C950ECB729A966504AF0A635"
"0","CF4AC847BA6C79FAD69E2E68E5FEA8E9","577EF1154F3240AD5B9B413AA7346A1E"
"1","9FD144BB55D7B365C3811163732CC96B","577EF1154F3240AD5B9B413AA7346A1E"
"0","4A3A105707556086720F8B4374FE3910","57AEEE35C98205091E18D1140E9F38CF"
"1","F21994D83BE05D5F84955133FB0F694F","57AEEE35C98205091E18D1140E9F38CF"
"0","DD53F747FE3DD7C143780F5FC7A8D118","5878A7AB84FB43402106C575658472FA"
"1","3EFB90717314BFD49E9CD6CD49D1260B","5878A7AB84FB43402106C575658472FA"
"0","CB0294A73434F20FAE686DC503E289A3","58A2FC6ED39FD083F55D4182BF88826D"
"1","E4BA20FFC14B29C6A8660993318ACA8F","58A2FC6ED39FD083F55D4182BF88826D"
"0","7D75308BB0BE49DB2F423539675F3963","5EF059938BA799AAA845E1C2E8A762BD"
"1","49AA7E97C24DF256E648954906ADDA74","5EF059938BA799AAA845E1C2E8A762BD"
"0","19FF413A606979B04511082DC81FEFC9","5F93F983524DEF3DCA464469D2CF9F3E"
"1","6243286BFD5329002AF82BF24B1FC70A","5F93F983524DEF3DCA464469D2CF9F3E"
"0","D31552D0951BB89E3BC0FC5422CE0831","6364D3F0F495B6AB9DCF8D3B5C6E0B01"
"1","7689CF5BD7FBCBE4181F18DB2EE153A9","6364D3F0F495B6AB9DCF8D3B5C6E0B01"
"0","EBB1B4C30659A8DE8563ED1774DBCAD4","63923F49E5241343AA7ACB6A06A751E7"
"1","3CAFD49F559F33FFADFC138B54B0D95D","63923F49E5241343AA7ACB6A06A751E7"
"0","7291975B632F574633F4DFFFEDA519FB","63DC7ED1010D3C3B8269FAF0BA7491D4"
"1","B9D66E286D1416961F60AD42141A2C52","63DC7ED1010D3C3B8269FAF0BA7491D4"
"0","47E73335FC3CCD257DBA56106896AEF1","642E92EFB79421734881B53E1E1B18B6"
"1","FC7817CBE9388D8983CDBA00E1E7D783","642E92EFB79421734881B53E1E1B18B6"
"0","523926FD2C1A6EDCD3AAB9F7EAE07E3F","6512BD43D9CAA6E02C990B0A82652DCA"
"1","16A3C01490F2F2CFCED5B81DB5E8D1AD","6512BD43D9CAA6E02C990B0A82652DCA"
"0","819E289314F7A176D92CD17797891B79","65B9EEA6E1CC6BB9F0CD2A47751A186F"
"1","E964C13AFA6F66DDB7A4F924A995D3FA","65B9EEA6E1CC6BB9F0CD2A47751A186F"
"0","13907E07F4C89722E1DE3A6AD6916BCC","65DED5353C5EE48D0B7D48C591B8F430"
"1","8AA6194523E09CA924B6DCF33309E933","65DED5353C5EE48D0B7D48C591B8F430"
"0","3CBCEB04B118CAFC101D9B8FAEC43170","67C6A1E7CE56D3D6FA748AB6D9AF3FD7"
"1","0F84DAC829692DD1B5805E64406D4D94","67C6A1E7CE56D3D6FA748AB6D9AF3FD7"
"0","A9485FD21351879A16740A953C8A20D6","68D30A9594728BC39AA24BE94B319D21"
"1","7D922360686BC363EDE3224C10786C79","68D30A9594728BC39AA24BE94B319D21"
"0","06A9FAF2ECB16A12267B7B5EBB718CAB","6974CE5AC660610B44D9B9FED0FF9548"
"1","D658B8A13845D7C6E46E80F4CC339923","6974CE5AC660610B44D9B9FED0FF9548"
"0","3BB19D0E8012D61B33AF3245E0988206","698D51A19D8A121CE581499D7B701668"
"1","C1AAA21C71105FC873478191A2F2977A","698D51A19D8A121CE581499D7B701668"
"0","ECBE5549DE1324B66EB66A4AAF71D5BC","69ADC1E107F7F7D035D7BAF04342E1CA"
"1","C69A0059DBF234D835F490EE0FE616A2","69ADC1E107F7F7D035D7BAF04342E1CA"
"0","EF120B93A99CE70FA7DE0481D1F0E650","6A9AEDDFC689C1D0E3B9CCC3AB651BC5"
"1","9B04A5AEBF081425E7B5B42823A5B521","6A9AEDDFC689C1D0E3B9CCC3AB651BC5"
"0","BBF5FF3C9671B84183108CDF331339A0","6C4B761A28B734FE93831E3FB400CE87"
"1","37435F7EF970AE7A6BF1BE7DD6C953A7","6C4B761A28B734FE93831E3FB400CE87"
"0","C429BD17A527132781B88AE405DD0CC2","6C8349CC7260AE62E3B1396831A8398F"
"1","B53ECD8BA32B5B56E66A6A5449FC7A11","6C8349CC7260AE62E3B1396831A8398F"
"0","F59E0025F56FFD8CEB30DD1A0B101EC5","6C9882BBAC1C7093BD25041881277658"
"1","C3D1A4A58C3C5660FE315DA421B7B44D","6C9882BBAC1C7093BD25041881277658"
"0","3D3BB2EE8533469028426677E99715A7","6CDD60EA0045EB7A6EC44C54D29ED402"
"1","FDB10B163A82F798AC9200711BCA5C43","6CDD60EA0045EB7A6EC44C54D29ED402"
"0","939A3E6EFDDD9FDE00AC5DB05884B777","6DA9003B743B65F4C0CCD295CC484E57"
"1","37B5BD253BB9D0F3E8A50B4157A5297B","6DA9003B743B65F4C0CCD295CC484E57"
"0","0F9C852F9A3D51876A7F76DF305293A7","6EA9AB1BAA0EFB9E19094440C317E21B"
"1","F436A7A0EEEBC15A0FA315D66FE3ACFB","6EA9AB1BAA0EFB9E19094440C317E21B"
"0","E118F9679A55A068C8CB097A6C1B88D9","6F3EF77AC0E3619E98159E9B6FEBF557"
"1","AB97984EC28B8C75F6536AE760975C2B","6F3EF77AC0E3619E98159E9B6FEBF557"
"0","7887D180F67792E7CA262669C470FDA6","705F2172834666788607EFBFCA35AFB3"
"1","6DA4EFD44DBA581144F3C821D8192BC8","705F2172834666788607EFBFCA35AFB3"
"0","46484DC8D846507BD7E5A139A083B385","70EFDF2EC9B086079795C442636B55FB"
"1","44817FCCC00A5DDF5E32CCCE0BA3EA6D","70EFDF2EC9B086079795C442636B55FB"
"0","3794E72E6A1DDE72B929501FD39C8281","72B32A1F754BA1C09B3695E0CB6CDE7F"
"1","1FD7EDFDD94549C8A16642B8C58E107C","72B32A1F754BA1C09B3695E0CB6CDE7F"
"0","49B79D552A8B9AAF1E423F280805F736","73278A4A86960EEB576A8FD4C9EC6997"
"1","55E08133636C79B2820E7779A671FBE9","73278A4A86960EEB576A8FD4C9EC6997"
"0","93383B2F6002C52CB913FE3CA9CC5C50","735B90B4568125ED6C3F678819B6E058"
"1","504E0127BA2D86E50C2E0C21F32D8408","735B90B4568125ED6C3F678819B6E058"
"0","0B7F62FB9DEA9F1D20F6536597038133","74DB120F0A8E5646EF5A30154E9F6DEB"
"1","7DCF8B81ABC590428F84FCBE78739E52","74DB120F0A8E5646EF5A30154E9F6DEB"
"0","30439ED85ED89E53A1F4D3B8C954811F","757B505CFD34C64C85CA5B5690EE5293"
"1","1103F41666EF465ECDC2EF6BDE324960","757B505CFD34C64C85CA5B5690EE5293"
"0","E483B499396A07984163B1E822080B30","7647966B7343C29048673252E490F736"
"1","EFBC89E644DFD824F257B569986DD8F5","7647966B7343C29048673252E490F736"
"0","5D451F8221FC88BC3BB97D81E21DFDEA","76DC611D6EBAAFC66CC0879C71B5DB5C"
"1","161BCCF3E121F17836C9A9C9BFDF57D2","76DC611D6EBAAFC66CC0879C71B5DB5C"
"0","4F3F9E667C8E873FBC7FF69E1150DD3D","7A614FD06C325499F1680B9896BEEDEB"
"1","F3506A270A7927BB5514BDC9A7941AD3","7A614FD06C325499F1680B9896BEEDEB"
"2","4750ADA374F4BC5B854FE19CCD2D8EC6","7A614FD06C325499F1680B9896BEEDEB"
"3","21252DDDA126911D21FA4C45AC2B70B0","7A614FD06C325499F1680B9896BEEDEB"
"4","28946B8FFFB211E8AA9BFA163EAD7035","7A614FD06C325499F1680B9896BEEDEB"
"0","C08151F63B578E87E76CEB15DC59910D","7CBBC409EC990F19C78C75BD1E06F215"
"1","A7A9204F3381E9C6C51F6F4A5C42A4BD","7CBBC409EC990F19C78C75BD1E06F215"
"0","3F96D6819A12AA2BB8CA5CB7DA2BEE3D","7E7757B1E12ABCB736AB9A754FFB617A"
"1","19721853AF42AE319721FBC2340BB435","7E7757B1E12ABCB736AB9A754FFB617A"
"0","61ED0A2A0749B31F9E4C1AC3AE2EA7AF","7EABE3A1649FFA2B3FF8C02EBFD5659F"
"1","3D0ED98BB054605CBAA40DCCD7F1E622","7EABE3A1649FFA2B3FF8C02EBFD5659F"
"0","2118C99EEF3531EB245AE92D1B0BC577","7EF605FC8DBA5425D6965FBD4C8FBE1F"
"1","733149D86DCA2F793424F84BE30D078E","7EF605FC8DBA5425D6965FBD4C8FBE1F"
"0","E02E8BFD73F16ABE62C7EA730826F63F","7F100B7B36092FB9B06DFB4FAC360931"
"1","E86F1E467C148F2359F2FB5649F78126","7F100B7B36092FB9B06DFB4FAC360931"
"0","A1253A5B5FE937C0967CC8518F534A0B","7F1DE29E6DA19D22B51C68001E7E0E54"
"1","D1E9EF42D678CA34C93D3A11783E6485","7F1DE29E6DA19D22B51C68001E7E0E54"
"2","09175950148BFD656122DC7B803D8A3B","7F1DE29E6DA19D22B51C68001E7E0E54"
"0","B720F8BFE1E176B5426BD32E850D3F69","7F6FFAA6BB0B408017B62254211691B5"
"1","31975F812B745495CEEB5E8F671E0212","7F6FFAA6BB0B408017B62254211691B5"
"0","0E2190746A127742FE5D186903D4F30F","82161242827B703E6ACF9C726942A1E4"
"1","9FA35AD05495562F9ADCB2F8DE847EAB","82161242827B703E6ACF9C726942A1E4"
"0","3A12C87842333FB0BED2368ACC0D9A81","82AA4B0AF34C2313A562076992E50AA3"
"1","6003A74D0C8AFF9379EF55CC0D9F5520","82AA4B0AF34C2313A562076992E50AA3"
"0","CB328F1CE7D31B8B7FF7F44692AF091A","84D9EE44E457DDEF7F2C4F25DC8FA865"
"1","DC2852FAB78845E0F6111F52438A39B7","84D9EE44E457DDEF7F2C4F25DC8FA865"
"0","A1ADA72650A9FC61ACDD0A8497F884CC","854D6FAE5EE42911677C739EE1734486"
"1","C662507A61862860C9415E48CEE369B2","854D6FAE5EE42911677C739EE1734486"
"2","CE01666A3CE1AA44C5EFBD7D19A1D590","854D6FAE5EE42911677C739EE1734486"
"3","5E47DAC18F367DE34C1EFB386CC77DF0","854D6FAE5EE42911677C739EE1734486"
"0","F6AFEAA83BCE256278711388A4191FD5","85D8CE590AD8981CA2C8286F79F59954"
"1","ABD8E72D28214A20824B9D2E2D859D7F","85D8CE590AD8981CA2C8286F79F59954"
"0","AA053BDA026612FFC5BBF1AEF64DF5BE","8613985EC49EB8F757AE6439E879BB2A"
"1","B817456BBF5D8D3DF58B3C6FDE6649B6","8613985EC49EB8F757AE6439E879BB2A"
"0","BC701152DF353B2093B72CF53F237D4B","8C19F571E251E61CB8DD3612F26D5ECF"
"1","A0F1E117FA72CC2C9ADF26D94B030997","8C19F571E251E61CB8DD3612F26D5ECF"
"0","66392B0677AE47DA3DFCCD059EB65BBA","8D5E957F297893487BD98FA830FA6413"
"1","4CFCAF89DAFE412DAE0D206463897420","8D5E957F297893487BD98FA830FA6413"
"0","8C90183ECD9EFDEFF464A86D780BA81A","8E296A067A37563370DED05F5A3BF3EC"
"1","DEDC68BD224682CF9759EDD45D7889AE","8E296A067A37563370DED05F5A3BF3EC"
"0","C0DBAA415D659D720D83BBE4C236ED94","8F121CE07D74717E0B1F21D122E04521"
"1","A598DF93FE756212863A27FB0B170287","8F121CE07D74717E0B1F21D122E04521"
"0","F5903098334E4A2EAD703FF0E619F9F8","8F53295A73878494E9BC8DD6C3C7104F"
"1","24BA6072A7101F2F93DF5E9C5304CE8C","8F53295A73878494E9BC8DD6C3C7104F"
"0","5756527EDA4867521713FB32F8CDAB14","8F85517967795EEEF66C225F7883BDCB"
"1","8D24C5A452AB21D3750739B713D7E3E8","8F85517967795EEEF66C225F7883BDCB"
"0","5A885968ADA9EAE4FA8882B4BC082311","903CE9225FCA3E988C2AF215D4E544D3"
"1","6F178F1B6165FA854BF104C9F6F7BA1D","903CE9225FCA3E988C2AF215D4E544D3"
"0","526432A698456D7E7207B2E629D44CCD","918317B57931B6B7A7D29490FE5EC9F9"
"1","6F563BC8D9A3587537A4BCC46AD3947D","918317B57931B6B7A7D29490FE5EC9F9"
"2","DD5A41A84F3EEB1DA8AB4B076064028B","918317B57931B6B7A7D29490FE5EC9F9"
"3","CFAA813266F719C8ABF22BB6DFE66E65","918317B57931B6B7A7D29490FE5EC9F9"
"4","0FDC8C911EB9588083F2FAFFE1638343","918317B57931B6B7A7D29490FE5EC9F9"
"5","DAF66E282B83D25720EB361AD698110D","918317B57931B6B7A7D29490FE5EC9F9"
"0","46407265CA8FBC85C09332012EDA469E","92C8C96E4C37100777C7190B76D28233"
"1","2A26BA6447CAA3E2464CCD47EEFDF51D","92C8C96E4C37100777C7190B76D28233"
"0","02241465699081EED79224DD47A4B60F","92CC227532D17E56E07902B254DFAD10"
"1","605CB096B84E9DCF5DCC9F167DCAD2BB","92CC227532D17E56E07902B254DFAD10"
"0","BB94E7373D9DB305D96A088861593B61","93DB85ED909C13838FF95CCFA94CEBD9"
"1","B1EEE1C7BBBCD56FDC6B3955A97D2713","93DB85ED909C13838FF95CCFA94CEBD9"
"0","96FC4A26DC072B06904A7D64F8019D63","96DA2F590CD7246BBDE0051047B0D6F7"
"1","B0708597DDA9B57D5D06A30B9FEAC576","96DA2F590CD7246BBDE0051047B0D6F7"
"0","B0B853EBBF4E8C380C2524D90CC141AA","9766527F2B5D3E95D4A733FCFB77BD7E"
"1","8599C7BA699F4091C0A95FAAEBECCEF3","9766527F2B5D3E95D4A733FCFB77BD7E"
"0","9991EA2384989A914AB0D23F7AF63E1F","979D472A84804B9F647BC185A877A8B5"
"1","09305A285D80B3C1BCCA0FF85AC8AEB9","979D472A84804B9F647BC185A877A8B5"
"0","B2C7E2922D064C802A2FEBBB0BA904D0","9872ED9FC22FC182D371C3E9ED316094"
"1","42C6BAEE6CDB79A81C53B2DB6F5513F1","9872ED9FC22FC182D371C3E9ED316094"
"0","105ECB22E4810EA4D4C969585B31B9DE","98DCE83DA57B0395E163467C9DAE521B"
"1","8CBF023052C4E111F6396628A5F9AB93","98DCE83DA57B0395E163467C9DAE521B"
"0","7421012295E84A9639273DBFCD8235AB","98F13708210194C475687BE6106A3B84"
"1","1C24508CE61C7B4470F539BCB176A6E7","98F13708210194C475687BE6106A3B84"
"0","4CA717FDBBA1508E012A38F3E30E6F7D","9A1158154DFA42CADDBD0694A4E9BDC8"
"1","38457391C91D03A7DDDE63B07E5BBD91","9A1158154DFA42CADDBD0694A4E9BDC8"
"0","4DDC1806839895CE04A2CC24B4210C01","9B04D152845EC0A378394003C96DA594"
"1","A2BC9FECFD6D2E15A60E3F227D9D3040","9B04D152845EC0A378394003C96DA594"
"0","29390FFD4178A5DD50E9A2B7EE105DB3","9B8619251A19057CFF70779273E95AA6"
"1","845E3EC2BBC7CE09ABCCF09BDD237A26","9B8619251A19057CFF70779273E95AA6"
"0","54D0C0029591D1DAAF49AE414AA2F518","9BF31C7FF062936A96D3C8BD1F8F2FF3"
"1","8AFDD5C6F5FE4E085DE4ECADF552C1E9","9BF31C7FF062936A96D3C8BD1F8F2FF3"
"0","922A2795F5461E78BD9AE233AD80A1B7","9CFDF10E8FC047A44B08ED031E1F0ED1"
"1","B515DBA0A7E232BB2B63298B887D6DB6","9CFDF10E8FC047A44B08ED031E1F0ED1"
"0","C868A8FF3301B3DF7B7196CD3BC530DE","9DCB88E0137649590B755372B040AFAD"
"1","F18F711C720519918FCB9CDED29455D6","9DCB88E0137649590B755372B040AFAD"
"0","FD4105A931FE22D1B1CBEB0B1190E31E","9F61408E3AFB633E50CDF1B20DE6F466"
"1","F0604260ABD2C5008C0C500E748E7383","9F61408E3AFB633E50CDF1B20DE6F466"
"0","46E847773A0ACF107E4C81EEBF51101A","9FC3D7152BA9336A670E36D0ED79BC43"
"1","423E63FEF53F67460CA8664B5ECC04DB","9FC3D7152BA9336A670E36D0ED79BC43"
"0","B77BA186ACFEEAFAF6E5A529093B06DB","A0A080F42E6F13B3A2DF133F073095DD"
"1","BFDBCD4F60187174121D2A52B34F99C2","A0A080F42E6F13B3A2DF133F073095DD"
"0","13BE0C6938A5BF3088DAD4308E30321D","A1D0C6E83F027327D8461063F4AC58A6"
"1","53BFFDD2BCFA061AEEC607B8528935C1","A1D0C6E83F027327D8461063F4AC58A6"
"0","DB59050DA8FFB4EE8A8F37F78E3F6267","A2557A7B2E94197FF767970B67041697"
"1","89F265FC1C4E948C3D21E1DFD2E18D7F","A2557A7B2E94197FF767970B67041697"
"0","DAB31F85470F61A6C68CE76502D6EE2E","A3C65C2974270FD093EE8A9BF8AE7D0B"
"1","92C22505A329825E00CF00E5C56E0328","A3C65C2974270FD093EE8A9BF8AE7D0B"
"0","4E2AA919B415A69B8B1D6AFC0EC209E7","A3F390D88E4C41F2747BFA2F1B5F87DB"
"1","2A3B148089529B6FA8D7D94E9DEF9AD1","A3F390D88E4C41F2747BFA2F1B5F87DB"
"2","A8D0CB717E9856D0070095C35EE2975B","A3F390D88E4C41F2747BFA2F1B5F87DB"
"3","A729721F4B3881EBB89456CA49045ED4","A3F390D88E4C41F2747BFA2F1B5F87DB"
"4","9AF2F77FBF1846C4B79588741011242A","A3F390D88E4C41F2747BFA2F1B5F87DB"
"0","910E6B8883D18BB5294EA0A3D7DFD4A7","A4A042CF4FD6BFB47701CBC8A1653ADA"
"1","13143AEEB2540AE40E5588A9176B7283","A4A042CF4FD6BFB47701CBC8A1653ADA"
"2","C250B1E1556C1CD8082F7169FCABDA6D","A4A042CF4FD6BFB47701CBC8A1653ADA"
"0","4BECCC2427AF0A111ACD618F248115AC","A4F23670E1833F3FDB077CA70BBD5D66"
"1","80680E980666DA3EF12F2D5403704361","A4F23670E1833F3FDB077CA70BBD5D66"
"0","DE6B66176FF06BCD1C55659C71A09893","A597E50502F5FF68E3E25B9114205D4A"
"1","4893C6C1B708042249894ED125A2E0E9","A597E50502F5FF68E3E25B9114205D4A"
"0","3539F13547C60D7505635210E287BE98","A5E00132373A7031000FD987A3C9F87B"
"1","562231BE3EEDE3A37F671BB43E85E6E2","A5E00132373A7031000FD987A3C9F87B"
"0","2FAE984C549EEDB04847418E0E9E9F97","A684ECEEE76FC522773286A895BC8436"
"1","DA29A527812FCB38BB3FC0E3C09B95CB","A684ECEEE76FC522773286A895BC8436"
"0","8FE3AC78FA66A7C82A0C83B447449141","A8BAA56554F96369AB93E4F3BB068C22"
"1","ADDA4A78E6F4D683D73E760458A2B722","A8BAA56554F96369AB93E4F3BB068C22"
"0","BA3EB56E1D3CDF921EE5F59AD152824B","A97DA629B098B75C294DFFDC3E463904"
"1","D523685E3B8EB20002F2266A1AC9E622","A97DA629B098B75C294DFFDC3E463904"
"0","1186E3B9260C6ECDC6306EC2FB353A38","AAB3238922BCC25A6F606EB525FFDC56"
"1","F30E6A9C9E84BD1909AEE87C0C0B1413","AAB3238922BCC25A6F606EB525FFDC56"
"0","40708C993C0699A2F01FDC779146E215","AC1DD209CBCC5E5D1C6E28598E8CBBE8"
"1","9ABD6E8782861517B838C81960960F65","AC1DD209CBCC5E5D1C6E28598E8CBBE8"
"0","45275BFA9C4D2214B3654DEBA491EF76","AC627AB1CCBDB62EC96E702F07F6425B"
"1","E70BB56F8BCA8C41204E0414A075812D","AC627AB1CCBDB62EC96E702F07F6425B"
"0","3537130D9F638817858B936A0CD3CD85","AD61AB143223EFBC24C7D2583BE69251"
"1","1AF51EA0DAE06988C95D33AA8950E8F0","AD61AB143223EFBC24C7D2583BE69251"
"0","AFC7D272307E11EA8057FA163E989830","AFC39C1B307E11EA8057FA163E989830"
"1","AFC7D414307E11EA8057FA163E989830","AFC39C1B307E11EA8057FA163E989830"
"0","AFDA2FAE307E11EA8057FA163E989830","AFD3E93B307E11EA8057FA163E989830"
"1","AFDA3120307E11EA8057FA163E989830","AFD3E93B307E11EA8057FA163E989830"
"0","AFE60237307E11EA8057FA163E989830","AFE1F996307E11EA8057FA163E989830"
"1","AFE60411307E11EA8057FA163E989830","AFE1F996307E11EA8057FA163E989830"
"0","B001927F307E11EA8057FA163E989830","AFFB85A8307E11EA8057FA163E989830"
"1","B001944F307E11EA8057FA163E989830","AFFB85A8307E11EA8057FA163E989830"
"0","B0291733307E11EA8057FA163E989830","B0252C90307E11EA8057FA163E989830"
"1","B02918DE307E11EA8057FA163E989830","B0252C90307E11EA8057FA163E989830"
"0","B039A9F7307E11EA8057FA163E989830","B035A99D307E11EA8057FA163E989830"
"1","B039AB55307E11EA8057FA163E989830","B035A99D307E11EA8057FA163E989830"
"0","B04404DC307E11EA8057FA163E989830","B03E59C0307E11EA8057FA163E989830"
"1","B0440898307E11EA8057FA163E989830","B03E59C0307E11EA8057FA163E989830"
"0","B05775B0307E11EA8057FA163E989830","B0511BF9307E11EA8057FA163E989830"
"1","B0577745307E11EA8057FA163E989830","B0511BF9307E11EA8057FA163E989830"
"0","826EE8888116A2050089A4EC17BB3F4C","B1A59B315FC9A3002CE38BBE070EC3F5"
"1","20B9DB382F526557069E70AAA93B6FDC","B1A59B315FC9A3002CE38BBE070EC3F5"
"0","A66F77F3224443E4D541AAD5E70B22AD","B1D10E7BAFA4421218A51B1E1F1B0BA2"
"1","6A398F812713F1ABBC7686001E3071D9","B1D10E7BAFA4421218A51B1E1F1B0BA2"
"0","26921299B5EBABD227CD6877401D1199","B53B3A3D6AB90CE0268229151C9BDE11"
"1","C2DF7BB65DC8991256AA751CFD4D8F13","B53B3A3D6AB90CE0268229151C9BDE11"
"0","426DDAE72F0C9BDB76DF593C6199B7F7","B6D767D2F8ED5D21A44B0E5886680CB9"
"1","255E1263FEB6C91C17CF40E02F66ECEB","B6D767D2F8ED5D21A44B0E5886680CB9"
"0","AC9CABC16BB6A00EC9D6ACB52BDA722A","B73CE398C39F506AF761D2277D853A92"
"1","F0255B038943BC2913CFDE7B2C646900","B73CE398C39F506AF761D2277D853A92"
"0","E0EAC9D7A094EC322795A1EAEC1ECF53","BCBE3365E6AC95EA2C0343A2395834DD"
"1","B611C623EF98778E984683B80A0C6CF7","BCBE3365E6AC95EA2C0343A2395834DD"
"0","08E74EC4F42447C25386117D3DDC7E82","BD4C9AB730F5513206B999EC0D90D1FB"
"1","FD83801F223AC7AF60B96D088BE9FF32","BD4C9AB730F5513206B999EC0D90D1FB"
"0","E11E2319C891B8A55946223DE788E401","BD686FD640BE98EFAAE0091FA301E613"
"1","BEA43ACE4F43E2F14C9049656D60F9EC","BD686FD640BE98EFAAE0091FA301E613"
"0","05BCA0B80D2122AF38D2BB926074B862","BE83AB3ECD0DB773EB2DC1B0A17836A1"
"1","12A1DD312679E080CA63E08991B3819F","BE83AB3ECD0DB773EB2DC1B0A17836A1"
"0","D8170628E2FBD5505B53D03F82C14FCB","BF8229696F7A3BB4700CFDDEF19FA23F"
"1","5A301F964B252428D5E5B55F67964500","BF8229696F7A3BB4700CFDDEF19FA23F"
"0","2010A3D78D110966F819BA6B54C5EBFD","C0C7C76D30BD3DCAEFC96F40275BDC0A"
"1","E5D0305E70E9920DCE2C75D1423235AE","C0C7C76D30BD3DCAEFC96F40275BDC0A"
"0","F3D1F2DA564C653E01C2980A751B9D1E","C0E190D8267E36708F955D7AB048990D"
"1","7E8F73841E71096EF83BD72B39BB72C9","C0E190D8267E36708F955D7AB048990D"
"0","64EB22F0031FA1BB763686C3D6E1E4EC","C16A5320FA475530D9583C34FD356EF5"
"1","C6B759D29078EA9A94AC2964F4CFDAC4","C16A5320FA475530D9583C34FD356EF5"
"0","68D12A4C001530B895B4E1BABC4FDF83","C24CD76E1CE41366A4BBE8A49B02A028"
"1","7CEA957CF0338D1B1011634BF97D415F","C24CD76E1CE41366A4BBE8A49B02A028"
"0","F448B252C94CE55DEC3E868B13971674","C45147DEE729311EF5B5C3003946C48F"
"1","47D46AD6C4DC5383726D010D5D8A44C8","C45147DEE729311EF5B5C3003946C48F"
"0","F16FBC9A6E05DED236700E243FEAD487","C51CE410C124A10E0DB5E4B97FC2AF39"
"1","4F81163BE2F0AC6F2061A079623FE5B0","C51CE410C124A10E0DB5E4B97FC2AF39"
"0","C542015214EA11E9B4A4FA163E3BC92C","C541BBF314EA11E9B4A4FA163E3BC92C"
"1","C542033A14EA11E9B4A4FA163E3BC92C","C541BBF314EA11E9B4A4FA163E3BC92C"
"0","C54E402B14EA11E9B4A4FA163E3BC92C","C544C9F714EA11E9B4A4FA163E3BC92C"
"1","C54E42DC14EA11E9B4A4FA163E3BC92C","C544C9F714EA11E9B4A4FA163E3BC92C"
"0","C54F360D14EA11E9B4A4FA163E3BC92C","C54F215714EA11E9B4A4FA163E3BC92C"
"1","C54F380B14EA11E9B4A4FA163E3BC92C","C54F215714EA11E9B4A4FA163E3BC92C"
"0","C54F7C0614EA11E9B4A4FA163E3BC92C","C54F66C414EA11E9B4A4FA163E3BC92C"
"1","C54F7E0614EA11E9B4A4FA163E3BC92C","C54F66C414EA11E9B4A4FA163E3BC92C"
"0","C54FE45214EA11E9B4A4FA163E3BC92C","C54FCF0D14EA11E9B4A4FA163E3BC92C"
"1","C54FE64F14EA11E9B4A4FA163E3BC92C","C54FCF0D14EA11E9B4A4FA163E3BC92C"
"0","C5502B8614EA11E9B4A4FA163E3BC92C","C55016D214EA11E9B4A4FA163E3BC92C"
"1","C5502D8914EA11E9B4A4FA163E3BC92C","C55016D214EA11E9B4A4FA163E3BC92C"
"0","C5506DA214EA11E9B4A4FA163E3BC92C","C550560A14EA11E9B4A4FA163E3BC92C"
"1","C5506FB714EA11E9B4A4FA163E3BC92C","C550560A14EA11E9B4A4FA163E3BC92C"
"0","C58184C714EA11E9B4A4FA163E3BC92C","C5816E7414EA11E9B4A4FA163E3BC92C"
"1","C58186BD14EA11E9B4A4FA163E3BC92C","C5816E7414EA11E9B4A4FA163E3BC92C"
"0","C581BBCC14EA11E9B4A4FA163E3BC92C","C581A7F814EA11E9B4A4FA163E3BC92C"
"1","C581BDB414EA11E9B4A4FA163E3BC92C","C581A7F814EA11E9B4A4FA163E3BC92C"
"0","C581F7F414EA11E9B4A4FA163E3BC92C","C581E4D414EA11E9B4A4FA163E3BC92C"
"1","C581F9A814EA11E9B4A4FA163E3BC92C","C581E4D414EA11E9B4A4FA163E3BC92C"
"0","C5839BEE14EA11E9B4A4FA163E3BC92C","C5838F5B14EA11E9B4A4FA163E3BC92C"
"1","C5839DB314EA11E9B4A4FA163E3BC92C","C5838F5B14EA11E9B4A4FA163E3BC92C"
"0","28E2D98D0E2FA65A0E1D63548FC6A7C0","C74D97B01EAE257E44AA9D5BADE97BAF"
"1","9BFBD9EDE2875AAAF5C3AB0044BE72A5","C74D97B01EAE257E44AA9D5BADE97BAF"
"2","AFF43C49307E11EA8057FA163E989830","C74D97B01EAE257E44AA9D5BADE97BAF"
"3","885FDD93EF31D0915808FDBC3F20679D","C74D97B01EAE257E44AA9D5BADE97BAF"
"4","201E4EA807CCE8544AB651811B087FFD","C74D97B01EAE257E44AA9D5BADE97BAF"
"0","219AFB900322382463059F40D184423D","C7E1249FFC03EB9DED908C236BD1996D"
"1","519293CC649EC3FAE0A068A717A85443","C7E1249FFC03EB9DED908C236BD1996D"
"0","418FD3BF465D5804125427ABAD90CBD1","C8FFE9A587B126F152ED3D89A146B445"
"1","4A302AE586E5BA3BF28818D4153CD71E","C8FFE9A587B126F152ED3D89A146B445"
"0","89D7B1739A7803DB82190D2504762547","C9E1074F5B3F9FC8EA15D152ADD07294"
"1","C4D82000A7E32E54047FEF34ADCBD692","C9E1074F5B3F9FC8EA15D152ADD07294"
"0","2658AF15D0BAB002CE3C715FB71DAC01","CA46C1B9512A7A8315FA3C5A946E8265"
"1","07AB19AA6D5BC10DD6786A7BFCD04C61","CA46C1B9512A7A8315FA3C5A946E8265"
"0","6563D9023AB3F76013A654AD19CCE8B4","CB70AB375662576BD1AC5AAF16B3FCA4"
"1","418D5E5524F31E790C98D43299668D87","CB70AB375662576BD1AC5AAF16B3FCA4"
"0","CBE4C22C282911E8B52C001851D17886","CBDE7B28282911E8B52C001851D17886"
"1","CBE6EDB2282911E8B52C001851D17886","CBDE7B28282911E8B52C001851D17886"
"0","697C99C25C9B77BDF6FC3D848FE0B083","CEDEBB6E872F539BEF8C3F919874E9D7"
"1","2E26F2225D361A35368941169E21352C","CEDEBB6E872F539BEF8C3F919874E9D7"
"0","16A121B41E7A5C787DB37B737E1A0C32","CFA0860E83A4C3A763A7E62D825349F7"
"1","6F8EEAF0DF49576CFE2FFC8119A985EC","CFA0860E83A4C3A763A7E62D825349F7"
"0","03431778F819DEBA434D39A9BE1D8ADB","CFECDB276F634854F3EF915E2E980C31"
"1","0D3FE067A53176BABE155924B151C744","CFECDB276F634854F3EF915E2E980C31"
"0","4246DA223382214A243037ADF91B40F4","D09BF41544A3365A46C9077EBB5E35C3"
"1","B2BF7A47CAA50EF2DF0A3E3399402A32","D09BF41544A3365A46C9077EBB5E35C3"
"0","7BD61C04D6BAD3C7448C79E6552560CB","D1F491A404D6854880943E5C3CD9CA25"
"1","CF7423CBC399095E1A3032EC6324A4A2","D1F491A404D6854880943E5C3CD9CA25"
"0","6DC6FE47437B5DA065D3F7C750267318","D1FE173D08E959397ADF34B1D77E88D7"
"1","29D6D5F8CC55DAEC321DE8C5F269E2D4","D1FE173D08E959397ADF34B1D77E88D7"
"0","749D17BEE4CF64E9B1B1821208A1B909","D395771085AAB05244A4FB8FD91BF4EE"
"1","2DEF89DFC51866E32B6FC60529BD3EC2","D395771085AAB05244A4FB8FD91BF4EE"
"0","B722852CF9C0EF89B5D57A2A1FFF1799","D3D9446802A44259755D38E6D163E820"
"1","6599A13B879C610ABD9D26F18549B155","D3D9446802A44259755D38E6D163E820"
"0","497E3D3A84DF8703C7D2076DC9F9A5EF","D645920E395FEDAD7BBBED0ECA3FE2E0"
"1","63B1CAB9B261CF59407B82707642E88D","D645920E395FEDAD7BBBED0ECA3FE2E0"
"0","48C16DCD5EAA7AB09FA3B6A2F1C49C2A","D67D8AB4F4C10BF22AA353E27879133C"
"1","C21EF16926BD5385BF52537F640E026D","D67D8AB4F4C10BF22AA353E27879133C"
"0","FFB74E53CD3DFE2357F12AD7B62EFC9D","D6BAF65E0B240CE177CF70DA146C8DC8"
"1","5C9867C4AB80D57C5FFA8D3A8C4C2172","D6BAF65E0B240CE177CF70DA146C8DC8"
"0","7E6CE0BBCAD31AE5DE2287A835C75E68","D82C8D1619AD8176D665453CFB2E55F0"
"1","9C1D9988173772F3817D32E110174A30","D82C8D1619AD8176D665453CFB2E55F0"
"0","7877FF51B703903E9008CB399081C5FD","D947BF06A885DB0D477D707121934FF8"
"1","25C71DB9AAB89E628E67055B7861ECDB","D947BF06A885DB0D477D707121934FF8"
"2","7B05675348EBD4D7BA2C5C4D1D543FF2","D947BF06A885DB0D477D707121934FF8"
"3","9D6A73B83E8B44D408600B9D89435CF1","D947BF06A885DB0D477D707121934FF8"
"4","495DD01C8B150B8974BE6D37C140CABD","D947BF06A885DB0D477D707121934FF8"
"5","B4344C60487F2B4D8E9B91D691A62E9C","D947BF06A885DB0D477D707121934FF8"
"0","78B90F9840C0646F0AC427125B0229EA","D9D4F495E875A2E075A1A4A6E1B9770F"
"1","6010870616ACF3FD1E1FD3FD9B484EDB","D9D4F495E875A2E075A1A4A6E1B9770F"
"0","166E00D3B4FA744D505BC5B3A17CE2C2","DA4FB5C6E93E74D3DF8527599FA62642"
"1","4675DD84DB15093A0E81FF005A95592E","DA4FB5C6E93E74D3DF8527599FA62642"
"0","8B0AC80177C2212DBB85819255B05DAF","DB8E1AF0CB3ACA1AE2D0018624204529"
"1","BC133821B95D28A42F1779B362D8B118","DB8E1AF0CB3ACA1AE2D0018624204529"
"0","A57B56AF3F10933E988B9ADADC409BFC","E00DA03B685A0DD18FB6A08AF0923DE0"
"1","B1373D6EB89A0459E26519A95137D8F6","E00DA03B685A0DD18FB6A08AF0923DE0"
"0","059EDA91296FD696CAE006FADAB1C697","E165421110BA03099A1C0393373C5B43"
"1","39261F6C009455AAEE69AB2E7EF0618E","E165421110BA03099A1C0393373C5B43"
"0","AD223F5E8FBB65B57D89D826B6AD3EAD","E2C0BE24560D78C5E599C2A9C9D0BBD2"
"1","DF0159969CDAE26ACE92D441AB1E6C89","E2C0BE24560D78C5E599C2A9C9D0BBD2"
"0","A6F554FDEB573EB25BC75C2FFB867FC5","E2EF524FBF3D9FE611D5A8E90FEFDC9C"
"1","E2BE26FD917CFD3A46F2B2A387D4D266","E2EF524FBF3D9FE611D5A8E90FEFDC9C"
"0","BD83B9EF1991EA43F05CFBDBBB3ECC25","E3796AE838835DA0B6F6EA37BCF8BCB7"
"1","292E79931F58371489AC5F1BB929A657","E3796AE838835DA0B6F6EA37BCF8BCB7"
"0","48D8EC835E78FB0AB13E395A1F320293","E4A6222CDB5B34375400904F03D8E6A5"
"1","EA59C50977FA2E51AAF9298ACE93B98C","E4A6222CDB5B34375400904F03D8E6A5"
"0","06F5F63DDEFF9D017FFAA439449F1EE7","E56954B4F6347E897F954495EAB16A88"
"1","1C4A3C585F88FB1E1B5FFF7EE79EE821","E56954B4F6347E897F954495EAB16A88"
"0","E93C12F4E04811E7AF32001851D17886","E93B8E1EE04811E7AF32001851D17886"
"1","E93C19C1E04811E7AF32001851D17886","E93B8E1EE04811E7AF32001851D17886"
"0","319977F12A7AAE4CA0447BC173838335","E96ED478DAB8595A7DBDA4CBCBEE168F"
"1","90FF4E2E4A8D8D04A22590703ACFBC3E","E96ED478DAB8595A7DBDA4CBCBEE168F"
"0","A9D0A64870BDAA2C2CF89EA72659A313","EA5D2F1C4608232E07D3AA3D998E5135"
"1","73AA9669CB77CC7BEA532D985B41BB5A","EA5D2F1C4608232E07D3AA3D998E5135"
"0","1CBB35103A71DBA4AF3680CD68B2C30F","EAE27D77CA20DB309E056E3D2DCD7D69"
"1","2165DD6F047D6021AE8880741E845215","EAE27D77CA20DB309E056E3D2DCD7D69"
"0","C631E49449FB26701F8291272A095D30","EB163727917CBBA1EEA208541A643E74"
"1","DAFBD21AC0666686FF4A4641EFBBE1E1","EB163727917CBBA1EEA208541A643E74"
"0","7F4570191BBE592927B2868AB5648523","EC5DECCA5ED3D6B8079E2E7E7BACC9F2"
"1","726D75A648E9719EB46A5E62F71F770F","EC5DECCA5ED3D6B8079E2E7E7BACC9F2"
"0","0C7A391177EDB6118519AA8719F507D8","EC8956637A99787BD197EACD77ACCE5E"
"1","E422BDEC3406251C81D1B875D4F50103","EC8956637A99787BD197EACD77ACCE5E"
"0","D83254C8C203D64C014B8CF1840A5C4F","EC8CE6ABB3E952A85B8551BA726A1227"
"1","77D15ADF72E717AF200334C18CA94011","EC8CE6ABB3E952A85B8551BA726A1227"
"0","8891179E7B8FB4139C2811B3B601608F","ED3D2C21991E3BEF5E069713AF9FA6CA"
"1","44727908ACC32C81D37553F3D392A643","ED3D2C21991E3BEF5E069713AF9FA6CA"
"0","EDE8F2891B5F16627C411931AE1F3754","EDA80A3D5B344BC40F3BC04F65B7A357"
"1","C6A2A1046BAFCEECADA3C09F513981C9","EDA80A3D5B344BC40F3BC04F65B7A357"
"0","FE5E3C6DEF3E2618BE67B2A136344385","EECCA5B6365D9607EE5A9D336962C534"
"1","428E141FA0C11F6F0CB37C5DF7D624C1","EECCA5B6365D9607EE5A9D336962C534"
"0","1A295862C57C8CBB807896022AE755A7","F033AB37C30201F73F142449D037028D"
"1","8CE1B2376D20587D7B2E01092FAAC103","F033AB37C30201F73F142449D037028D"
"0","7EBDC8BF536B3B1535159958977B090E","F0935E4CD5920AA6C7C996A5EE53A70F"
"1","87E17966A2475DD350D3AE486545D020","F0935E4CD5920AA6C7C996A5EE53A70F"
"0","A3F8E8ACB680B33BBA78E3F268448C33","F2217062E9A397A1DCA429E7D70BC6CA"
"1","1A3B9C1F69FFC3FE3283FAEC2FF85918","F2217062E9A397A1DCA429E7D70BC6CA"
"0","ACEB538EC97EE8B3CC438024A54214F7","F340F1B1F65B6DF5B5E3F94D95B11DAF"
"1","AC96EF58B7A2E16A414B28F6142B3FFB","F340F1B1F65B6DF5B5E3F94D95B11DAF"
"0","0E5F5CB9AA2CACD2D4987E66B558B8BF","F457C545A9DED88F18ECEE47145A72C0"
"1","0278178876E259769891114B35782F7F","F457C545A9DED88F18ECEE47145A72C0"
"0","9330B3C4F6870387CFC0B09D05A65C2A","F4B9EC30AD9F68F89B29639786CB62EF"
"1","11EA07CBAEBED69332A8524B54F3A4E0","F4B9EC30AD9F68F89B29639786CB62EF"
"0","F5539E0CE04811E7AF32001851D17886","F5532263E04811E7AF32001851D17886"
"1","F553A5DCE04811E7AF32001851D17886","F5532263E04811E7AF32001851D17886"
"0","889996F6B19BDF796640E0D59084553C","F7177163C833DFF4B38FC8D2872F1EC6"
"1","54C3CBA761D08859F08EE764442226B4","F7177163C833DFF4B38FC8D2872F1EC6"
"0","92AA7970A10A6221707678C959EEF7BB","F718499C1C8CEF6730F9FD03C8125CAB"
"1","E51C8F4A74875EFC77592667B2B9CF58","F718499C1C8CEF6730F9FD03C8125CAB"
"0","C5EA8003E8169156A99F97C7D73055AF","F7664060CC52BC6F3D620BCEDC94A4B6"
"1","E1DA2722BD6EB468459F304A2AA03604","F7664060CC52BC6F3D620BCEDC94A4B6"
"0","1042DBAEDBA6C26832E225E7F716E919","F7E6C85504CE6E82442C770F7C8606F0"
"1","BAED6E6BFFD58B536710A87AB220E35C","F7E6C85504CE6E82442C770F7C8606F0"
"0","D2B9A17E6974665748A2329621233C4B","F899139DF5E1059396431415E770C6DD"
"1","7028FC0432535ECA9AB045D992E73019","F899139DF5E1059396431415E770C6DD"
"2","7E7A92C41055BF771773E6CAF5DEE3A1","F899139DF5E1059396431415E770C6DD"
"3","49997E88500DDD81207B9EAFCD97A0E5","F899139DF5E1059396431415E770C6DD"
"4","91709D7BA262AB4FDFF5F60D2559B9E6","F899139DF5E1059396431415E770C6DD"
"0","10DAFBB5392C9563B1435AF32BB7C072","FA7CDFAD1A5AAF8370EBEDA47A1FF1C3"
"1","CB1597C6D9D4B5CFF7898A6D46C892D2","FA7CDFAD1A5AAF8370EBEDA47A1FF1C3"
"0","A2E19C8756B94B17676101F1A80EC189","FBD7939D674997CDB4692D34DE8633C4"
"1","FE5D8C00C7E6E2FA3157CF9929E60238","FBD7939D674997CDB4692D34DE8633C4"
"0","7BDF486C2DD1A1F1D65C3EBE95C07956","FC221309746013AC554571FBD180E1C8"
"1","5ECF76CF3CD2F3393445A2DE9428941D","FC221309746013AC554571FBD180E1C8"
