"question_order","page_id","question_id"
"9","47F7C1F4C2D5515A0CD260621108E4CF","006F52E9102A8D3BE2FE5614F42BA989"
"1","80203BE21F599D39C8B7B3CB06ED3D54","01161AAA0B6D1345DD8FE4E481144D84"
"11","C5419C4A14EA11E9B4A4FA163E3BC92C","01161AAA0B6D1345DD8FE4E481144D84"
"8","F5CDBDCDF75DFAA1A6BA541A72E4EAD8","013D407166EC4FA56EB1E1F8CBE183B9"
"4","F5CDBDCDF75DFAA1A6BA541A72E4EAD8","02522A2B2726FB0A03BB19F2D8D9524D"
"0","AD0BD04A2E7C265BB80D57AF6F93CEDB","0266E33D3F546CB5436A10798E657D97"
"0","7F0CAA108998908EB978E50D7971B666","02E74F10E0327AD868D138F2B4FDD6F0"
"5","9F8A7CFBD723CC27F9120A8FC895DC61","0336DCBAB05B9D5AD24F4333C7658A0E"
"4","72F5B7EEB6C88A541413B840C52EA8D8","03AFDBD66E7929B125F8597834FA83A4"
"4","807897544A88123E07CB0F01065DF210","03AFDBD66E7929B125F8597834FA83A4"
"1","4C13098DC9F7734C0055465EE5B6C80B","03C6B06952C750899BB03D998E631860"
"18","7CC7CF85CC4B366B592FDF236A4196CC","042F2AFDAD0611E7B3CE001851D17886"
"10","DD21F9B31A4B17DD76D46B0B99C2AA08","045117B0E0A11A242B9765E79CBF113F"
"2","07B1E039C8678D21175FB8EBBB4E06FC","060AD92489947D410D897474079C1477"
"12","9A106F283B62534DE8815F97130B3B00","06138BC5AF6023646EDE0E1F7C1EAC75"
"6","C1AA0DBAB609746AC466F362E4B80ACE","06409663226AF2F3114485AA4E0A23B4"
"2","37DFB171EB069D6050FF04026321A82E","069059B7EF840F0C74A814EC9237B6EC"
"1","72F5B7EEB6C88A541413B840C52EA8D8","072B030BA126B2F4B2374F342BE9ED44"
"1","807897544A88123E07CB0F01065DF210","072B030BA126B2F4B2374F342BE9ED44"
"1","C5419C4A14EA11E9B4A4FA163E3BC92C","072B030BA126B2F4B2374F342BE9ED44"
"4","47F7C1F4C2D5515A0CD260621108E4CF","0777D5C17D4066B82AB86DFF8A46AF6F"
"0","29C2FB940CD1EAF39D8BF1AFCA0E23B3","077E29B11BE80AB57E1A2ECABB7DA330"
"2","98A54F64158ACE10564D5C481FA8DE88","07CDFD23373B17C6B337251C22B7EA57"
"24","E9917B17B4A060F8F8F2B4B649469E3A","07E1CD7DCA89A1678042477183B7AC3F"
"6","9F8A7CFBD723CC27F9120A8FC895DC61","084B6FBB10729ED4DA8C3D3F5A3AE7C9"
"2","1D74D37FA4D45B83F416CDDB677E6EBA","091D584FCED301B442654DD8C23B3FC9"
"0","72F5B7EEB6C88A541413B840C52EA8D8","093F65E080A295F8076B1C5722A46AA2"
"0","807897544A88123E07CB0F01065DF210","093F65E080A295F8076B1C5722A46AA2"
"0","C5419C4A14EA11E9B4A4FA163E3BC92C","093F65E080A295F8076B1C5722A46AA2"
"2","79FDFCE2316E90CBE04CD187A25DA14F","0A09C8844BA8F0936C20BD791130D6B6"
"19","7CC7CF85CC4B366B592FDF236A4196CC","0A149FF6AD0611E7B3CE001851D17886"
"1","9F8A7CFBD723CC27F9120A8FC895DC61","0AA1883C6411F7873CB83DACB17B0AFC"
"6","7CC7CF85CC4B366B592FDF236A4196CC","0E01938FC48A2CFB5F2217FBFB00722D"
"8","9F8A7CFBD723CC27F9120A8FC895DC61","0E65972DCE68DAD4D52D063967F0A705"
"1","0EED0BAB1E6211E9997EFA163E3BC92C","0EEE5C5E1E6211E9997EFA163E3BC92C"
"2","0EED0BAB1E6211E9997EFA163E3BC92C","0EF168811E6211E9997EFA163E3BC92C"
"3","0EED0BAB1E6211E9997EFA163E3BC92C","0EF1A0FD1E6211E9997EFA163E3BC92C"
"4","0EED0BAB1E6211E9997EFA163E3BC92C","0EF1EF4E1E6211E9997EFA163E3BC92C"
"11","F5CDBDCDF75DFAA1A6BA541A72E4EAD8","0F28B5D49B3020AFEECD95B4009ADF4C"
"7","98A54F64158ACE10564D5C481FA8DE88","0F49C89D1E7298BB9930789C8ED59D48"
"4","07B1E039C8678D21175FB8EBBB4E06FC","115F89503138416A242F40FB7D7F338E"
"10","F5CDBDCDF75DFAA1A6BA541A72E4EAD8","1385974ED5904A438616FF7BDB3F7439"
"5","07B1E039C8678D21175FB8EBBB4E06FC","13FE9D84310E77F13A6D184DBF1232F3"
"0","47F7C1F4C2D5515A0CD260621108E4CF","140F6969D5213FD0ECE03148E62E461E"
"11","47F7C1F4C2D5515A0CD260621108E4CF","149E9677A5989FD342AE44213DF68868"
"1","496ABDD2CE176B1C2D8DFC012CE545CA","14BFA6BB14875E45BBA028A21ED38046"
"6","1D74D37FA4D45B83F416CDDB677E6EBA","1534B76D325A8F591B52D302E7181331"
"3","7CC7CF85CC4B366B592FDF236A4196CC","1679091C5A880FAF6FB5E6087EB1B2DC"
"13","DD21F9B31A4B17DD76D46B0B99C2AA08","16A5CDAE362B8D27A1D8F8C7B78B4330"
"9","CAC1CBA8E532E87B6E40B51BA02A21A1","17E62166FC8586DFA4D1BC0E1742C08B"
"1","CB43F5ACEC859A79D44B11EB311EEA6F","182BE0C5CDCD5072BB1864CDEE4D3D6E"
"1","2A8F77A459506726759AE4FB9C805504","19CA14E7EA6328A42E0EB13D585E4C22"
"2","CAC1CBA8E532E87B6E40B51BA02A21A1","19CA14E7EA6328A42E0EB13D585E4C22"
"2","29C2FB940CD1EAF39D8BF1AFCA0E23B3","19F3CD308F1455B3FA09A282E0D496F4"
"0","F5CDBDCDF75DFAA1A6BA541A72E4EAD8","1AFA34A7F984EEABDBB0A7D494132EE5"
"0","2A8F77A459506726759AE4FB9C805504","1C383CD30B7C298AB50293ADFECB7B18"
"1","CAC1CBA8E532E87B6E40B51BA02A21A1","1C383CD30B7C298AB50293ADFECB7B18"
"4","C1AA0DBAB609746AC466F362E4B80ACE","1C9AC0159C94D8D0CBEDC973445AF2DA"
"2","C1AA0DBAB609746AC466F362E4B80ACE","1D7F7ABC18FCB43975065399B0D1E48E"
"6","5E278A45E260F9D1924C6B486E6B462F","1EE6D80861EB11EA8DF2FA163E989830"
"20","7CC7CF85CC4B366B592FDF236A4196CC","1F0E3DAD99908345F7439F8FFABDFFC4"
"26","7CC7CF85CC4B366B592FDF236A4196CC","1FF1DE774005F8DA13F42943881C655F"
"0","DD21F9B31A4B17DD76D46B0B99C2AA08","1FF8A7B5DC7A7D1F0ED65AAA29C04B1E"
"28","E9917B17B4A060F8F8F2B4B649469E3A","202CB962AC59075B964B07152D234B70"
"3","A1806944F40B79580FF2E2003F282473","20F07591C6FCB220FFE637CDA29BB3F6"
"4","7CC7CF85CC4B366B592FDF236A4196CC","215A53FE61EB11EA8DF2FA163E989830"
"1","E9917B17B4A060F8F8F2B4B649469E3A","26657D5FF9020D2ABEFE558796B99584"
"14","E9917B17B4A060F8F8F2B4B649469E3A","2723D092B63885E0D7C260CC007E8B9D"
"15","9F8A7CFBD723CC27F9120A8FC895DC61","274AD4786C3ABCA69FA097B85867D9A4"
"4","DEAD3CC2F66CAB4F6D8595AEFB4F50B4","2838023A778DFAECDC212708F721B788"
"6","9A106F283B62534DE8815F97130B3B00","284EB298FFB211E8AA9BFA163EAD7035"
"4","80203BE21F599D39C8B7B3CB06ED3D54","285B2674FFB211E8AA9BFA163EAD7035"
"21","7CC7CF85CC4B366B592FDF236A4196CC","2871B948FFB211E8AA9BFA163EAD7035"
"3","7F0CAA108998908EB978E50D7971B666","28865876FFB211E8AA9BFA163EAD7035"
"8","C5419C4A14EA11E9B4A4FA163E3BC92C","28865876FFB211E8AA9BFA163EAD7035"
"0","3CAE2E4FB80F036142E14085CBA91547","289DFF07669D7A23DE0EF88D2F7129E7"
"9","496ABDD2CE176B1C2D8DFC012CE545CA","28DD2C7955CE926456240B2FF0100BDE"
"6","663F8287133D71ECAEE1982FBF63E500","2A38A4A9316C49E5A833517C45D31070"
"3","C1AA0DBAB609746AC466F362E4B80ACE","2A79EA27C279E471F4D180B08D62B00A"
"0","5E278A45E260F9D1924C6B486E6B462F","2B24D495052A8CE66358EB576B8912C8"
"20","E9917B17B4A060F8F8F2B4B649469E3A","2B44928AE11FB9384C4CF38708677C48"
"18","DD21F9B31A4B17DD76D46B0B99C2AA08","31FEFC0E570CB3860F2A6D4B38C6490D"
"7","72F5B7EEB6C88A541413B840C52EA8D8","3295C76ACBF4CAAED33C36B1B5FC2CB1"
"4","496ABDD2CE176B1C2D8DFC012CE545CA","32BB90E8976AAB5298D5DA10FE66F21D"
"6","80203BE21F599D39C8B7B3CB06ED3D54","335F5352088D7D9BF74191E006D8E24C"
"1","7F0CAA108998908EB978E50D7971B666","33E75FF09DD601BBE69F351039152189"
"5","2A8F77A459506726759AE4FB9C805504","3416A75F4CEA9109507CACD8E2F2AEFC"
"7","CAC1CBA8E532E87B6E40B51BA02A21A1","3416A75F4CEA9109507CACD8E2F2AEFC"
"4","7F0CAA108998908EB978E50D7971B666","34173CB38F07F89DDBEBC2AC9128303F"
"10","496ABDD2CE176B1C2D8DFC012CE545CA","35F4A8D465E6E1EDC05F3D8AB658C551"
"10","47F7C1F4C2D5515A0CD260621108E4CF","3636638817772E42B59D74CFF571FBB3"
"10","9F8A7CFBD723CC27F9120A8FC895DC61","3644A684F98EA8FE223C713B77189A77"
"2","9A106F283B62534DE8815F97130B3B00","36660E59856B4DE58A219BCF4E27EBA3"
"25","7CC7CF85CC4B366B592FDF236A4196CC","37693CFC748049E45D87B8C7D8B9AACD"
"0","C1AA0DBAB609746AC466F362E4B80ACE","37A749D808E46495A8DA1E5352D03CAE"
"4","DD21F9B31A4B17DD76D46B0B99C2AA08","38AF86134B65D0F10FE33D30DD76442E"
"6","E9917B17B4A060F8F8F2B4B649469E3A","38B3EFF8BAF56627478EC76A704E9B52"
"1","AD0BD04A2E7C265BB80D57AF6F93CEDB","38DB3AED920CF82AB059BFCCBD02BE6A"
"13","9A106F283B62534DE8815F97130B3B00","39059724F73A9969845DFE4146C5660E"
"7","F5CDBDCDF75DFAA1A6BA541A72E4EAD8","3988C7F88EBCB58C6CE932B957B6F332"
"9","1D74D37FA4D45B83F416CDDB677E6EBA","3B8A614226A953A8CD9526FCA6FE9BA5"
"23","7CC7CF85CC4B366B592FDF236A4196CC","3C59DC048E8850243BE8079A5C74D079"
"0","443B1E0EB95C304E1695AE1093C09CA9","3CEC07E9BA5F5BB252D13F5F431E4BBB"
"1","37DFB171EB069D6050FF04026321A82E","3DEF184AD8F4755FF269862EA77393DD"
"3","663F8287133D71ECAEE1982FBF63E500","3EF815416F775098FE977004015C6193"
"6","F5CDBDCDF75DFAA1A6BA541A72E4EAD8","42A0E188F5033BC65BF8D78622277C4E"
"13","496ABDD2CE176B1C2D8DFC012CE545CA","43EC517D68B6EDD3015B3EDC9A11367B"
"3","72F5B7EEB6C88A541413B840C52EA8D8","44F683A84163B3523AFE57C2E008BC8C"
"3","807897544A88123E07CB0F01065DF210","44F683A84163B3523AFE57C2E008BC8C"
"8","7CC7CF85CC4B366B592FDF236A4196CC","45C48CCE2E2D7FBDEA1AFC51C7C6AD26"
"0","0EDF28B413735DC197E24A5AA46B188C","45FBC6D3E05EBD93369CE542E8F2322D"
"0","10EF07CC6EEC0BD16EFC9069C8D4C02D","46BA9F2A6976570B0353203EC4474217"
"8","72F5B7EEB6C88A541413B840C52EA8D8","4734BA6F3DE83D861C3176A6273CAC6D"
"0","98A54F64158ACE10564D5C481FA8DE88","4734BA6F3DE83D861C3176A6273CAC6D"
"3","5E278A45E260F9D1924C6B486E6B462F","47D1E990583C9C67424D369F3414728E"
"3","98A54F64158ACE10564D5C481FA8DE88","48AEDB8880CAB8C45637ABC7493ECDDD"
"26","E9917B17B4A060F8F8F2B4B649469E3A","4C56FF4CE4AAF9573AA5DFF913DF997A"
"12","80203BE21F599D39C8B7B3CB06ED3D54","4C5BDE74A8F110656874902F07378009"
"0","2432C61399654853656C3A9E96D691A8","4E732CED3463D06DE0CA9A15B6153677"
"4","A1D07850B9CB96C827C3352ECF66962F","502E4A16930E414107EE22B6198C578F"
"2","80203BE21F599D39C8B7B3CB06ED3D54","539FD53B59E3BB12D203F45A912EEAF2"
"9","663F8287133D71ECAEE1982FBF63E500","54229ABFCFA5649E7003B83DD4755294"
"5","80203BE21F599D39C8B7B3CB06ED3D54","555D6702C950ECB729A966504AF0A635"
"0","80203BE21F599D39C8B7B3CB06ED3D54","577EF1154F3240AD5B9B413AA7346A1E"
"10","C5419C4A14EA11E9B4A4FA163E3BC92C","577EF1154F3240AD5B9B413AA7346A1E"
"0","03C4AD7888A7E4C54975A8DDC0B7FD89","57AEEE35C98205091E18D1140E9F38CF"
"8","47F7C1F4C2D5515A0CD260621108E4CF","5878A7AB84FB43402106C575658472FA"
"2","9F8A7CFBD723CC27F9120A8FC895DC61","58A2FC6ED39FD083F55D4182BF88826D"
"23","E9917B17B4A060F8F8F2B4B649469E3A","5EF059938BA799AAA845E1C2E8A762BD"
"15","E9917B17B4A060F8F8F2B4B649469E3A","5F93F983524DEF3DCA464469D2CF9F3E"
"19","E9917B17B4A060F8F8F2B4B649469E3A","5FD0B37CD7DBBB00F97BA6CE92BF5ADD"
"1","443B1E0EB95C304E1695AE1093C09CA9","621BF66DDB7C962AA0D22AC97D69B793"
"0","CB43F5ACEC859A79D44B11EB311EEA6F","6364D3F0F495B6AB9DCF8D3B5C6E0B01"
"1","A1806944F40B79580FF2E2003F282473","63923F49E5241343AA7ACB6A06A751E7"
"1","0EDF28B413735DC197E24A5AA46B188C","63DC7ED1010D3C3B8269FAF0BA7491D4"
"1","DEAD3CC2F66CAB4F6D8595AEFB4F50B4","642E92EFB79421734881B53E1E1B18B6"
"10","7CC7CF85CC4B366B592FDF236A4196CC","6512BD43D9CAA6E02C990B0A82652DCA"
"10","E9917B17B4A060F8F8F2B4B649469E3A","65B9EEA6E1CC6BB9F0CD2A47751A186F"
"1","F5CDBDCDF75DFAA1A6BA541A72E4EAD8","65DED5353C5EE48D0B7D48C591B8F430"
"0","DEAD3CC2F66CAB4F6D8595AEFB4F50B4","67C6A1E7CE56D3D6FA748AB6D9AF3FD7"
"3","29C2FB940CD1EAF39D8BF1AFCA0E23B3","68D30A9594728BC39AA24BE94B319D21"
"2","663F8287133D71ECAEE1982FBF63E500","68D30A9594728BC39AA24BE94B319D21"
"8","E9917B17B4A060F8F8F2B4B649469E3A","6974CE5AC660610B44D9B9FED0FF9548"
"16","E9917B17B4A060F8F8F2B4B649469E3A","698D51A19D8A121CE581499D7B701668"
"1","1D74D37FA4D45B83F416CDDB677E6EBA","69ADC1E107F7F7D035D7BAF04342E1CA"
"6","98A54F64158ACE10564D5C481FA8DE88","6A9AEDDFC689C1D0E3B9CCC3AB651BC5"
"5","C1AA0DBAB609746AC466F362E4B80ACE","6C4B761A28B734FE93831E3FB400CE87"
"8","2A8F77A459506726759AE4FB9C805504","6C8349CC7260AE62E3B1396831A8398F"
"11","CAC1CBA8E532E87B6E40B51BA02A21A1","6C8349CC7260AE62E3B1396831A8398F"
"1","29C2FB940CD1EAF39D8BF1AFCA0E23B3","6C9882BBAC1C7093BD25041881277658"
"15","DD21F9B31A4B17DD76D46B0B99C2AA08","6CDD60EA0045EB7A6EC44C54D29ED402"
"1","03C4AD7888A7E4C54975A8DDC0B7FD89","6DA9003B743B65F4C0CCD295CC484E57"
"2","7F0CAA108998908EB978E50D7971B666","6EA9AB1BAA0EFB9E19094440C317E21B"
"4","1D74D37FA4D45B83F416CDDB677E6EBA","6F3EF77AC0E3619E98159E9B6FEBF557"
"17","7CC7CF85CC4B366B592FDF236A4196CC","6F4922F45568161A8CDF4AD2299F6D23"
"6","07B1E039C8678D21175FB8EBBB4E06FC","705F2172834666788607EFBFCA35AFB3"
"3","F5CDBDCDF75DFAA1A6BA541A72E4EAD8","70EFDF2EC9B086079795C442636B55FB"
"10","DEAD3CC2F66CAB4F6D8595AEFB4F50B4","72B32A1F754BA1C09B3695E0CB6CDE7F"
"18","E9917B17B4A060F8F8F2B4B649469E3A","73278A4A86960EEB576A8FD4C9EC6997"
"0","0EED0BAB1E6211E9997EFA163E3BC92C","735B90B4568125ED6C3F678819B6E058"
"7","07B1E039C8678D21175FB8EBBB4E06FC","74DB120F0A8E5646EF5A30154E9F6DEB"
"11","9F8A7CFBD723CC27F9120A8FC895DC61","757B505CFD34C64C85CA5B5690EE5293"
"5","C5419C4A14EA11E9B4A4FA163E3BC92C","757B505CFD34C64C85CA5B5690EE5293"
"7","663F8287133D71ECAEE1982FBF63E500","7647966B7343C29048673252E490F736"
"0","A1D07850B9CB96C827C3352ECF66962F","7647966B7343C29048673252E490F736"
"0","EBAECE50F3A9E4E58319D664A4D6542E","76DC611D6EBAAFC66CC0879C71B5DB5C"
"0","A1806944F40B79580FF2E2003F282473","7A614FD06C325499F1680B9896BEEDEB"
"2","496ABDD2CE176B1C2D8DFC012CE545CA","7CBBC409EC990F19C78C75BD1E06F215"
"7","47F7C1F4C2D5515A0CD260621108E4CF","7E7757B1E12ABCB736AB9A754FFB617A"
"0","1D74D37FA4D45B83F416CDDB677E6EBA","7EABE3A1649FFA2B3FF8C02EBFD5659F"
"5","5E278A45E260F9D1924C6B486E6B462F","7EF605FC8DBA5425D6965FBD4C8FBE1F"
"14","9A106F283B62534DE8815F97130B3B00","7F100B7B36092FB9B06DFB4FAC360931"
"3","C5419C4A14EA11E9B4A4FA163E3BC92C","7F1DE29E6DA19D22B51C68001E7E0E54"
"5","F5CDBDCDF75DFAA1A6BA541A72E4EAD8","7F1DE29E6DA19D22B51C68001E7E0E54"
"2","72F5B7EEB6C88A541413B840C52EA8D8","7F39F8317FBDB1988EF4C628EBA02591"
"2","807897544A88123E07CB0F01065DF210","7F39F8317FBDB1988EF4C628EBA02591"
"2","C5419C4A14EA11E9B4A4FA163E3BC92C","7F39F8317FBDB1988EF4C628EBA02591"
"17","E9917B17B4A060F8F8F2B4B649469E3A","7F6FFAA6BB0B408017B62254211691B5"
"0","E9917B17B4A060F8F8F2B4B649469E3A","812B4BA287F5EE0BC9D43BBF5BBE87FB"
"3","DD21F9B31A4B17DD76D46B0B99C2AA08","82161242827B703E6ACF9C726942A1E4"
"3","47F7C1F4C2D5515A0CD260621108E4CF","82AA4B0AF34C2313A562076992E50AA3"
"9","9F8A7CFBD723CC27F9120A8FC895DC61","84D9EE44E457DDEF7F2C4F25DC8FA865"
"12","9F8A7CFBD723CC27F9120A8FC895DC61","854D6FAE5EE42911677C739EE1734486"
"6","C5419C4A14EA11E9B4A4FA163E3BC92C","854D6FAE5EE42911677C739EE1734486"
"7","9F8A7CFBD723CC27F9120A8FC895DC61","85D8CE590AD8981CA2C8286F79F59954"
"8","663F8287133D71ECAEE1982FBF63E500","8613985EC49EB8F757AE6439E879BB2A"
"3","9A106F283B62534DE8815F97130B3B00","8C19F571E251E61CB8DD3612F26D5ECF"
"2","5E278A45E260F9D1924C6B486E6B462F","8D5E957F297893487BD98FA830FA6413"
"27","7CC7CF85CC4B366B592FDF236A4196CC","8E296A067A37563370DED05F5A3BF3EC"
"11","9A106F283B62534DE8815F97130B3B00","8F121CE07D74717E0B1F21D122E04521"
"5","7CC7CF85CC4B366B592FDF236A4196CC","8F14E45FCEEA167A5A36DEDD4BEA2543"
"7","DD21F9B31A4B17DD76D46B0B99C2AA08","8F53295A73878494E9BC8DD6C3C7104F"
"6","DD21F9B31A4B17DD76D46B0B99C2AA08","8F85517967795EEEF66C225F7883BDCB"
"1","79FDFCE2316E90CBE04CD187A25DA14F","903CE9225FCA3E988C2AF215D4E544D3"
"2","4C13098DC9F7734C0055465EE5B6C80B","918317B57931B6B7A7D29490FE5EC9F9"
"11","80203BE21F599D39C8B7B3CB06ED3D54","9188905E74C28E489B44E954EC0B9BCA"
"4","98A54F64158ACE10564D5C481FA8DE88","92C8C96E4C37100777C7190B76D28233"
"10","663F8287133D71ECAEE1982FBF63E500","92CC227532D17E56E07902B254DFAD10"
"4","663F8287133D71ECAEE1982FBF63E500","93DB85ED909C13838FF95CCFA94CEBD9"
"5","DD21F9B31A4B17DD76D46B0B99C2AA08","96DA2F590CD7246BBDE0051047B0D6F7"
"6","47F7C1F4C2D5515A0CD260621108E4CF","9766527F2B5D3E95D4A733FCFB77BD7E"
"0","663F8287133D71ECAEE1982FBF63E500","9778D5D219C5080B9A6A17BEF029331C"
"7","1D74D37FA4D45B83F416CDDB677E6EBA","979D472A84804B9F647BC185A877A8B5"
"17","DD21F9B31A4B17DD76D46B0B99C2AA08","9872ED9FC22FC182D371C3E9ED316094"
"11","663F8287133D71ECAEE1982FBF63E500","98DCE83DA57B0395E163467C9DAE521B"
"22","7CC7CF85CC4B366B592FDF236A4196CC","98F13708210194C475687BE6106A3B84"
"5","DEAD3CC2F66CAB4F6D8595AEFB4F50B4","9A1158154DFA42CADDBD0694A4E9BDC8"
"2","03C4AD7888A7E4C54975A8DDC0B7FD89","9B04D152845EC0A378394003C96DA594"
"2","EBAECE50F3A9E4E58319D664A4D6542E","9B8619251A19057CFF70779273E95AA6"
"15","7CC7CF85CC4B366B592FDF236A4196CC","9BF31C7FF062936A96D3C8BD1F8F2FF3"
"4","9A106F283B62534DE8815F97130B3B00","9CFDF10E8FC047A44B08ED031E1F0ED1"
"19","DD21F9B31A4B17DD76D46B0B99C2AA08","9DCB88E0137649590B755372B040AFAD"
"9","DEAD3CC2F66CAB4F6D8595AEFB4F50B4","9F61408E3AFB633E50CDF1B20DE6F466"
"2","F5CDBDCDF75DFAA1A6BA541A72E4EAD8","9FC3D7152BA9336A670E36D0ED79BC43"
"27","E9917B17B4A060F8F8F2B4B649469E3A","A0A080F42E6F13B3A2DF133F073095DD"
"6","2A8F77A459506726759AE4FB9C805504","A1D0C6E83F027327D8461063F4AC58A6"
"8","CAC1CBA8E532E87B6E40B51BA02A21A1","A1D0C6E83F027327D8461063F4AC58A6"
"20","DD21F9B31A4B17DD76D46B0B99C2AA08","A2557A7B2E94197FF767970B67041697"
"13","E9917B17B4A060F8F8F2B4B649469E3A","A3C65C2974270FD093EE8A9BF8AE7D0B"
"0","496ABDD2CE176B1C2D8DFC012CE545CA","A3F390D88E4C41F2747BFA2F1B5F87DB"
"12","47F7C1F4C2D5515A0CD260621108E4CF","A4A042CF4FD6BFB47701CBC8A1653ADA"
"3","4C13098DC9F7734C0055465EE5B6C80B","A4A042CF4FD6BFB47701CBC8A1653ADA"
"0","9A106F283B62534DE8815F97130B3B00","A4F23670E1833F3FDB077CA70BBD5D66"
"4","CAC1CBA8E532E87B6E40B51BA02A21A1","A5771BCE93E200C36F7CD9DFD0E5DEAA"
"4","9F8A7CFBD723CC27F9120A8FC895DC61","A597E50502F5FF68E3E25B9114205D4A"
"2","2A8F77A459506726759AE4FB9C805504","A5BFC9E07964F8DDDEB95FC584CD965D"
"3","CAC1CBA8E532E87B6E40B51BA02A21A1","A5BFC9E07964F8DDDEB95FC584CD965D"
"1","5E278A45E260F9D1924C6B486E6B462F","A5E00132373A7031000FD987A3C9F87B"
"7","DEAD3CC2F66CAB4F6D8595AEFB4F50B4","A684ECEEE76FC522773286A895BC8436"
"1","7CC7CF85CC4B366B592FDF236A4196CC","A87FF679A2F3E71D9181A67B7542122C"
"0","79FDFCE2316E90CBE04CD187A25DA14F","A8BAA56554F96369AB93E4F3BB068C22"
"0","958522295D23EABC5B09646C9C300D74","A8F15EDA80C50ADB0E71943ADC8015CF"
"12","E9917B17B4A060F8F8F2B4B649469E3A","A97DA629B098B75C294DFFDC3E463904"
"0","4C13098DC9F7734C0055465EE5B6C80B","AAB3238922BCC25A6F606EB525FFDC56"
"14","7CC7CF85CC4B366B592FDF236A4196CC","AAB3238922BCC25A6F606EB525FFDC56"
"3","80203BE21F599D39C8B7B3CB06ED3D54","AC1DD209CBCC5E5D1C6E28598E8CBBE8"
"4","E9917B17B4A060F8F8F2B4B649469E3A","AC627AB1CCBDB62EC96E702F07F6425B"
"6","496ABDD2CE176B1C2D8DFC012CE545CA","AD61AB143223EFBC24C7D2583BE69251"
"6","7F0CAA108998908EB978E50D7971B666","AFC39C1B307E11EA8057FA163E989830"
"8","9A106F283B62534DE8815F97130B3B00","AFD3E93B307E11EA8057FA163E989830"
"2","C541861214EA11E9B4A4FA163E3BC92C","AFE1F996307E11EA8057FA163E989830"
"9","DD21F9B31A4B17DD76D46B0B99C2AA08","AFFB85A8307E11EA8057FA163E989830"
"11","DEAD3CC2F66CAB4F6D8595AEFB4F50B4","B0252C90307E11EA8057FA163E989830"
"21","DD21F9B31A4B17DD76D46B0B99C2AA08","B035A99D307E11EA8057FA163E989830"
"13","9F8A7CFBD723CC27F9120A8FC895DC61","B03E59C0307E11EA8057FA163E989830"
"9","80203BE21F599D39C8B7B3CB06ED3D54","B0511BF9307E11EA8057FA163E989830"
"1","9A106F283B62534DE8815F97130B3B00","B1A59B315FC9A3002CE38BBE070EC3F5"
"3","1D74D37FA4D45B83F416CDDB677E6EBA","B1D10E7BAFA4421218A51B1E1F1B0BA2"
"1","C1AA0DBAB609746AC466F362E4B80ACE","B3E3E393C77E35A4A3F3CBD1E429B5DC"
"8","DEAD3CC2F66CAB4F6D8595AEFB4F50B4","B53B3A3D6AB90CE0268229151C9BDE11"
"24","7CC7CF85CC4B366B592FDF236A4196CC","B6D767D2F8ED5D21A44B0E5886680CB9"
"1","47F7C1F4C2D5515A0CD260621108E4CF","B73CE398C39F506AF761D2277D853A92"
"3","07B1E039C8678D21175FB8EBBB4E06FC","BCBE3365E6AC95EA2C0343A2395834DD"
"2","47F7C1F4C2D5515A0CD260621108E4CF","BD4C9AB730F5513206B999EC0D90D1FB"
"3","9F8A7CFBD723CC27F9120A8FC895DC61","BD686FD640BE98EFAAE0091FA301E613"
"3","03C4AD7888A7E4C54975A8DDC0B7FD89","BE83AB3ECD0DB773EB2DC1B0A17836A1"
"6","A1D07850B9CB96C827C3352ECF66962F","BE83AB3ECD0DB773EB2DC1B0A17836A1"
"2","DD21F9B31A4B17DD76D46B0B99C2AA08","BF8229696F7A3BB4700CFDDEF19FA23F"
"3","DEAD3CC2F66CAB4F6D8595AEFB4F50B4","C0C7C76D30BD3DCAEFC96F40275BDC0A"
"0","07B1E039C8678D21175FB8EBBB4E06FC","C0E190D8267E36708F955D7AB048990D"
"5","7F0CAA108998908EB978E50D7971B666","C16A5320FA475530D9583C34FD356EF5"
"12","7CC7CF85CC4B366B592FDF236A4196CC","C20AD4D76FE97759AA27A0C99BFF6710"
"4","4C13098DC9F7734C0055465EE5B6C80B","C24CD76E1CE41366A4BBE8A49B02A028"
"21","E9917B17B4A060F8F8F2B4B649469E3A","C45147DEE729311EF5B5C3003946C48F"
"0","C9894D96FB7578706D9DC0F2EA347408","C4CA4238A0B923820DCC509A6F75849B"
"13","7CC7CF85CC4B366B592FDF236A4196CC","C51CE410C124A10E0DB5E4B97FC2AF39"
"5","4C13098DC9F7734C0055465EE5B6C80B","C52F1BD66CC19D05628BD8BF27AF3AD6"
"0","C541489614EA11E9B4A4FA163E3BC92C","C541BBF314EA11E9B4A4FA163E3BC92C"
"1","C541489614EA11E9B4A4FA163E3BC92C","C544C9F714EA11E9B4A4FA163E3BC92C"
"0","C5417A1114EA11E9B4A4FA163E3BC92C","C54F215714EA11E9B4A4FA163E3BC92C"
"1","C5417A1114EA11E9B4A4FA163E3BC92C","C54F66C414EA11E9B4A4FA163E3BC92C"
"2","C5417A1114EA11E9B4A4FA163E3BC92C","C54FCF0D14EA11E9B4A4FA163E3BC92C"
"3","C5417A1114EA11E9B4A4FA163E3BC92C","C55016D214EA11E9B4A4FA163E3BC92C"
"0","C541861214EA11E9B4A4FA163E3BC92C","C550560A14EA11E9B4A4FA163E3BC92C"
"1","C541861214EA11E9B4A4FA163E3BC92C","C5816E7414EA11E9B4A4FA163E3BC92C"
"0","C541919614EA11E9B4A4FA163E3BC92C","C581A7F814EA11E9B4A4FA163E3BC92C"
"1","C541919614EA11E9B4A4FA163E3BC92C","C581E4D414EA11E9B4A4FA163E3BC92C"
"9","C5419C4A14EA11E9B4A4FA163E3BC92C","C5838F5B14EA11E9B4A4FA163E3BC92C"
"16","7CC7CF85CC4B366B592FDF236A4196CC","C74D97B01EAE257E44AA9D5BADE97BAF"
"5","663F8287133D71ECAEE1982FBF63E500","C7E1249FFC03EB9DED908C236BD1996D"
"1","C9894D96FB7578706D9DC0F2EA347408","C81E728D9D4C2F636F067F89CC14862C"
"0","37DFB171EB069D6050FF04026321A82E","C8FFE9A587B126F152ED3D89A146B445"
"9","E9917B17B4A060F8F8F2B4B649469E3A","C9E1074F5B3F9FC8EA15D152ADD07294"
"7","7CC7CF85CC4B366B592FDF236A4196CC","C9F0F895FB98AB9159F51FD0297E236D"
"8","1D74D37FA4D45B83F416CDDB677E6EBA","CA46C1B9512A7A8315FA3C5A946E8265"
"10","80203BE21F599D39C8B7B3CB06ED3D54","CB70AB375662576BD1AC5AAF16B3FCA4"
"28","7CC7CF85CC4B366B592FDF236A4196CC","CBDE7B28282911E8B52C001851D17886"
"12","DD21F9B31A4B17DD76D46B0B99C2AA08","CEDEBB6E872F539BEF8C3F919874E9D7"
"5","A1D07850B9CB96C827C3352ECF66962F","CFA0860E83A4C3A763A7E62D825349F7"
"0","9F8A7CFBD723CC27F9120A8FC895DC61","CFECDB276F634854F3EF915E2E980C31"
"7","496ABDD2CE176B1C2D8DFC012CE545CA","D09BF41544A3365A46C9077EBB5E35C3"
"1","EBAECE50F3A9E4E58319D664A4D6542E","D1F491A404D6854880943E5C3CD9CA25"
"11","496ABDD2CE176B1C2D8DFC012CE545CA","D1FE173D08E959397ADF34B1D77E88D7"
"5","496ABDD2CE176B1C2D8DFC012CE545CA","D2DDEA18F00665CE8623E36BD4E3C7C5"
"3","0EDF28B413735DC197E24A5AA46B188C","D395771085AAB05244A4FB8FD91BF4EE"
"9","7CC7CF85CC4B366B592FDF236A4196CC","D3D9446802A44259755D38E6D163E820"
"4","2A8F77A459506726759AE4FB9C805504","D645920E395FEDAD7BBBED0ECA3FE2E0"
"6","CAC1CBA8E532E87B6E40B51BA02A21A1","D645920E395FEDAD7BBBED0ECA3FE2E0"
"3","2A8F77A459506726759AE4FB9C805504","D67D8AB4F4C10BF22AA353E27879133C"
"5","CAC1CBA8E532E87B6E40B51BA02A21A1","D67D8AB4F4C10BF22AA353E27879133C"
"5","9A106F283B62534DE8815F97130B3B00","D6BAF65E0B240CE177CF70DA146C8DC8"
"4","C5419C4A14EA11E9B4A4FA163E3BC92C","D82C8D1619AD8176D665453CFB2E55F0"
"6","DEAD3CC2F66CAB4F6D8595AEFB4F50B4","D82C8D1619AD8176D665453CFB2E55F0"
"9","72F5B7EEB6C88A541413B840C52EA8D8","D947BF06A885DB0D477D707121934FF8"
"1","98A54F64158ACE10564D5C481FA8DE88","D947BF06A885DB0D477D707121934FF8"
"2","A1D07850B9CB96C827C3352ECF66962F","D96409BF894217686BA124D7356686C9"
"12","CAC1CBA8E532E87B6E40B51BA02A21A1","D9D4F495E875A2E075A1A4A6E1B9770F"
"25","E9917B17B4A060F8F8F2B4B649469E3A","DA4FB5C6E93E74D3DF8527599FA62642"
"2","A1806944F40B79580FF2E2003F282473","DB8E1AF0CB3ACA1AE2D0018624204529"
"9","F5CDBDCDF75DFAA1A6BA541A72E4EAD8","E00DA03B685A0DD18FB6A08AF0923DE0"
"4","03C4AD7888A7E4C54975A8DDC0B7FD89","E165421110BA03099A1C0393373C5B43"
"14","9F8A7CFBD723CC27F9120A8FC895DC61","E2C0BE24560D78C5E599C2A9C9D0BBD2"
"7","C5419C4A14EA11E9B4A4FA163E3BC92C","E2C0BE24560D78C5E599C2A9C9D0BBD2"
"3","496ABDD2CE176B1C2D8DFC012CE545CA","E2C420D928D4BF8CE0FF2EC19B371514"
"2","E9917B17B4A060F8F8F2B4B649469E3A","E2EF524FBF3D9FE611D5A8E90FEFDC9C"
"0","CAC1CBA8E532E87B6E40B51BA02A21A1","E369853DF766FA44E1ED0FF613F563BD"
"5","98A54F64158ACE10564D5C481FA8DE88","E3796AE838835DA0B6F6EA37BCF8BCB7"
"8","80203BE21F599D39C8B7B3CB06ED3D54","E4A6222CDB5B34375400904F03D8E6A5"
"2","7CC7CF85CC4B366B592FDF236A4196CC","E4DA3B7FBBCE2345D7772B0674A318D5"
"7","9A106F283B62534DE8815F97130B3B00","E56954B4F6347E897F954495EAB16A88"
"8","DD21F9B31A4B17DD76D46B0B99C2AA08","E93B8E1EE04811E7AF32001851D17886"
"2","0EDF28B413735DC197E24A5AA46B188C","E96ED478DAB8595A7DBDA4CBCBEE168F"
"5","72F5B7EEB6C88A541413B840C52EA8D8","EA5D2F1C4608232E07D3AA3D998E5135"
"16","9F8A7CFBD723CC27F9120A8FC895DC61","EAE27D77CA20DB309E056E3D2DCD7D69"
"22","E9917B17B4A060F8F8F2B4B649469E3A","EB160DE1DE89D9058FCB0B968DBBBD68"
"5","1D74D37FA4D45B83F416CDDB677E6EBA","EB163727917CBBA1EEA208541A643E74"
"3","37DFB171EB069D6050FF04026321A82E","EC5DECCA5ED3D6B8079E2E7E7BACC9F2"
"7","E9917B17B4A060F8F8F2B4B649469E3A","EC8956637A99787BD197EACD77ACCE5E"
"1","07B1E039C8678D21175FB8EBBB4E06FC","EC8CE6ABB3E952A85B8551BA726A1227"
"0","7CC7CF85CC4B366B592FDF236A4196CC","ECCBC87E4B5CE2FE28308FD9F2A7BAF3"
"3","E9917B17B4A060F8F8F2B4B649469E3A","ED3D2C21991E3BEF5E069713AF9FA6CA"
"10","9A106F283B62534DE8815F97130B3B00","EDA80A3D5B344BC40F3BC04F65B7A357"
"16","DD21F9B31A4B17DD76D46B0B99C2AA08","EECCA5B6365D9607EE5A9D336962C534"
"12","496ABDD2CE176B1C2D8DFC012CE545CA","F033AB37C30201F73F142449D037028D"
"11","E9917B17B4A060F8F8F2B4B649469E3A","F0935E4CD5920AA6C7C996A5EE53A70F"
"4","5E278A45E260F9D1924C6B486E6B462F","F2217062E9A397A1DCA429E7D70BC6CA"
"7","80203BE21F599D39C8B7B3CB06ED3D54","F340F1B1F65B6DF5B5E3F94D95B11DAF"
"2","DEAD3CC2F66CAB4F6D8595AEFB4F50B4","F457C545A9DED88F18ECEE47145A72C0"
"12","663F8287133D71ECAEE1982FBF63E500","F4B9EC30AD9F68F89B29639786CB62EF"
"3","A1D07850B9CB96C827C3352ECF66962F","F4B9EC30AD9F68F89B29639786CB62EF"
"14","DD21F9B31A4B17DD76D46B0B99C2AA08","F5532263E04811E7AF32001851D17886"
"7","2A8F77A459506726759AE4FB9C805504","F7177163C833DFF4B38FC8D2872F1EC6"
"10","CAC1CBA8E532E87B6E40B51BA02A21A1","F7177163C833DFF4B38FC8D2872F1EC6"
"1","A1D07850B9CB96C827C3352ECF66962F","F718499C1C8CEF6730F9FD03C8125CAB"
"9","9A106F283B62534DE8815F97130B3B00","F7664060CC52BC6F3D620BCEDC94A4B6"
"1","DD21F9B31A4B17DD76D46B0B99C2AA08","F7E6C85504CE6E82442C770F7C8606F0"
"5","E9917B17B4A060F8F8F2B4B649469E3A","F899139DF5E1059396431415E770C6DD"
"5","47F7C1F4C2D5515A0CD260621108E4CF","FA7CDFAD1A5AAF8370EBEDA47A1FF1C3"
"8","496ABDD2CE176B1C2D8DFC012CE545CA","FBD7939D674997CDB4692D34DE8633C4"
"11","DD21F9B31A4B17DD76D46B0B99C2AA08","FC221309746013AC554571FBD180E1C8"
"6","72F5B7EEB6C88A541413B840C52EA8D8","FC490CA45C00B1249BBE3554A4FDF6FB"
"11","7CC7CF85CC4B366B592FDF236A4196CC","FD86425BAD0511E7B3CE001851D17886"
"6","4C13098DC9F7734C0055465EE5B6C80B","FE131D7F5A6B38B23CC967316C13DAE2"
"1","663F8287133D71ECAEE1982FBF63E500","FE9FC289C3FF0AF142B6D3BEAD98A923"
