"id","node_status"
"2c90f5883f44af68013f564a1326558a","SITE"
"2c90f5883fcf3281013fe7c2f0eb4dbe","SITE"
"2c90f588404b48480140ce4d7d301013","SITE"
"2c90f5884109d2c401410c40ae942d95","SITE"
"2c90f5884109d2c401410c4434a433a6","SITE"
"2c90f5884109d2c401410c44a3493440","SITE"
"2c90f588429b4a8a01429f3055457934","SITE"
"2c90f588429b4a8a01429f30cc007a32","SITE"
"2c90f58845004b4601451c44694220d7","SITE"
"2c90f58845004b4601453c94255e139f","GROUP"
"2c90f588456c31f50145acd97a197df7","SITE"
"2c90f588456c31f50145acdcf87e0527","SITE"
"2c90f588456c31f50145acdd5b7705e7","SITE"
"2c90f588456c31f50145acddb7dd0605","SITE"
"2c90f5884b96e139014ba78902d02598","SITE"
"2c90f5884c0ad6db014c312f658e386f","SITE"
"2c90f5884c600d3f014c98394833335d","SITE"
"2c90f5884c600d3f014c9847885452d8","SITE"
"2c90f5884c600d3f014c98486bce540c","SITE"
"2c90f5884c600d3f014c9848b08d54dc","SITE"
"2c90f5884c600d3f014c9848faa1568a","SITE"
"2c90f5884c600d3f014c98493f43585f","SITE"
"2c90f5884c600d3f014c9849814b677a","SITE"
"2c90f5884c600d3f014c9849d040790f","SITE"
"2c90f5884c600d3f014c984a28780cd0","SITE"
"2c90f5884c600d3f014c984a75781d88","SITE"
"2c90f5884c600d3f014c984accd93075","SITE"
"2c90f5884c600d3f014c984b1cee4294","SITE"
"2c90f5884c600d3f014c984b5e6c51ca","SITE"
"2c90f5884c600d3f014c984ba1bd6081","SITE"
"2c90f5884c600d3f014c984bdd6a6efd","SITE"
"2c90f5884c600d3f014c984c18ed7aed","SITE"
"2c90f5884ce7d886014d0096a2de69ca","SITE"
"2c90f5884d209ff8014d41ff96b31813","SITE"
"2c90f5884e6a4a01014e770e60015a90","SITE"
"2c90f588511229cb0151148d68ea7001","SITE"
"2c90f588511229cb0151148d992d7072","SITE"
"2c90f588511229cb0151148dd9357167","SITE"
"2c90f588517e929d0151821432ce4303","SITE"
"2c90f588517e929d01518214c43d4797","SITE"
"2c90f588517e929d01518215624b4c56","SITE"
"2c90f588517e929d0151b5912b955331","SITE"
"2c90f58852ae079f0152c57978c1635d","SITE"
"2c90f58852ae079f0152c579a76c639a","SITE"
"2c90f58852ae079f0152c579d0de63ad","SITE"
"2c90f58852ae079f0152d0e2ee826305","SITE"
"2c90f58852ae079f0152d0e3401763a4","SITE"
"2c90f58852ae079f0152e4095c224915","SITE"
"2c90f588532eaccc015341b7c7317585","SITE"
"2c90f588532eaccc015341b81afe75ca","SITE"
"2c90f5885362973c01539d5a0a627c7c","SITE"
"2c90f58853ed4ea701540560acc1779d","SITE"
"2c90f58854782674015499fe3b18695d","SITE"
"2c90f58856f541ac0156fa84bcbf648b","SITE"
"2c90f58856f541ac0156fa8553f565a0","SITE"
"2c90f58856f541ac0156fa85c0fb66fc","SITE"
"2c90f588576aad0301577a8c357728e7","SITE"
"2c90f58858e907780158f38ed4fc3cbb","SITE"
"2c90f58858fa0bcc0158fd01690a16bf","SITE"
"2c90f58859cd50630159d09638035753","SITE"
"2c90f58859cd50630159d1185cca4bdd","SITE"
"2c90f58859cd50630159d118a0214bf4","SITE"
"2c90f5885a00ad3d015a040041727569","SITE"
"2c90f5885a00ad3d015a2274c21e03e7","SITE"
"2c90f5885a86aa84015a8a94d3d61bad","SITE"
"2c90f5885a86aa84015a8a9501791bf7","SITE"
"2c90f5885a86aa84015a8a9536a81c14","SITE"
"2c90f5885ae859c6015aeb619a854675","SITE"
"2c90f5885ba71ddd015ba956455b456c","SITE"
"2c90f5885c843e29015c87ea7e21263d","SITE"
"2c90f5885cd183d0015cd53775170f50","SITE"
"2c90f5885d94cfd7015dc776b6de1576","SITE"
"2c90f5885e4e9635015e52a8837d5cc5","SITE"
"2c90f5886051b999016069a831496556","SITE"
"2c90f58860c30aec0160db5c02851aa9","SITE"
"2c90f58860c30aec0160db5ce8a81b6b","SITE"
"2c90f58860c30aec0160db5de3bd1eca","SITE"
"2c90f58861606c2c0161b75017c01441","SITE"
"2c90f58861f111190161f5783e956d1c","SITE"
"2c90f58861f1111901620a4bef997ea8","SITE"
"2c90f58861f1111901620a4c30077ecc","SITE"
"2c90f58861f1111901620a4c781f7ee3","SITE"
"2c90f5886427484901646fa06435391d","SITE"
"2c90f5886427484901646fa0a3713936","SITE"
"2c90f588659ae1a50165a3f52e3000a3","GROUP"
"2c90f588659ae1a50165ae0fcb3b6c8b","SITE"
"2c90f5893fee896801403f83dfa666b1","SITE"
"2c90f589412aa5c90141305c73af4827","SITE"
"2c90f589412aa5c901413a1cf3ce0f13","GROUP"
"2c90f589412aa5c901413a1da4b7107b","SITE"
"2c90f589412aa5c901413a1ea4f4110b","SITE"
"2c90f58943e1f021014406a5b82962be","SITE"
"2c90f58943e1f021014406a613286345","SITE"
"2c90f58944b83a730144d593283b39a9","SITE"
"2c90f58944b83a730144d59390963bb0","SITE"
"2c90f58944b83a730144d594283e3d3a","SITE"
"2c90f58944b83a730144d5947f983e89","SITE"
"2c90f58944b83a730144da73d09d7e54","SITE"
"2c90f58944b83a730144e007982e58c1","SITE"
"2c90f58944b83a730144e3c26ac537ee","SITE"
"2c90f58944b83a730144e3c2cee0385c","SITE"
"2c90f58944b83a730144e3c341ef3902","SITE"
"2c90f58944b83a730144e3c519693c85","SITE"
"2c90f58944b83a730144fe854d0f40dd","SITE"
"2c90f5894566fb9701456b531ebc30e8","SITE"
"2c90f58945d35f02014666295f0d5d86","SITE"
"2c90f5894819719a01481cbd367e5bf0","SITE"
"2c90f5894819719a01485abe6c4a6c55","SITE"
"2c90f589495892e7014976567e3d31f1","SITE"
"2c90f589495892e7014980821bca650d","SITE"
"2c90f589495892e701498082ad156647","SITE"
"2c90f589495892e7014980b968f0612a","SITE"
"2c90f58949c4b4ca0149c7c582957cbb","SITE"
"2c90f58949c4b4ca014a0629a0b84dc7","SITE"
"2c90f5894b136662014b4ab641324d82","SITE"
"2c90f5894b136662014b4b0182dd5e87","SITE"
"2c90f5894b136662014b4b01cc885fb9","SITE"
"2c90f5894b136662014b4b02126c5fcb","SITE"
"2c90f5894ca02c48014cb6d5357e0b0b","SITE"
"2c90f5894ead0a46014eb9aa9a5371f7","SITE"
"2c90f5894ead0a46014eb9aac7f37207","SITE"
"2c90f5894ead0a46014eb9ab05277214","SITE"
"2c90f5894ead0a46014eb9ab42a2722d","SITE"
"2c90f5894ead0a46014eb9ab7288723a","SITE"
"2c90f5894f8fd03b014f931d577b05c3","SITE"
"2c90f5895237d483015240cb666e2087","SITE"
"2c90f589526627ec0152797d8d311128","SITE"
"2c90f58953c959030153e06749e1686c","SITE"
"2c90f5895574bc00015578170e364507","SITE"
"2c90f5895574bc0001557d716d9354b5","SITE"
"2c90f5895574bc0001557d733d2c5545","SITE"
"2c90f58955b7943a0155da39febc3b2c","SITE"
"2c90f58955e11f8b01560784aecd1212","GROUP"
"2c90f58955e11f8b01560788461813dd","SITE"
"2c90f589564d1b9d0156991a30541fd5","SITE"
"2c90f58957195ef901572414ded843f7","SITE"
"2c90f58957195ef90157518786c513a6","SITE"
"2c90f58957cd41350157d306db4f7ee3","SITE"
"2c90f58959f683cf0159fa24849062a5","SITE"
"2c90f5895a398673015a3cbdaa0c14b1","SITE"
"2c90f5895a398673015a3cbe56ea14f4","SITE"
"2c90f5895a398673015a3cbfd55e175b","SITE"
"2c90f5895a398673015a3cc0401817bf","SITE"
"2c90f5895a398673015a414aa12d766d","SITE"
"2c90f5895b2b25b9015b38604a2d13b8","SITE"
"2c90f5895b2b25b9015b3e1677086477","SITE"
"2c90f5895bf93511015c0bcee30e38d9","SITE"
"2c90f5895ccc6f35015ccf21d6c84505","SITE"
"2c90f5895ccc6f35015ccf2229094569","SITE"
"2c90f5895ccc6f35015ccf225589457c","SITE"
"2c90f5895e39f124015e3c9ec3fc2010","SITE"
"2c90f5895e905016015e93ba596e5101","SITE"
"2c90f5895ebffa9d015ecd9b39e24b66","SITE"
"2c90f5895ebffa9d015f005744dd7447","SITE"
"2c90f5895f20e755015f3a012f8510e9","SITE"
"2c90f5896100e09d016103947f6e23c5","SITE"
"2c90f589613de4f9016147efc2003f39","SITE"
"2c90f58962924d8a0162b4d7801e5a72","SITE"
"2c90f58962924d8a0162b4d7c8e65a8e","SITE"
"2c90f58962924d8a0162b4d805d75ad4","SITE"
"2c90f58962df9c350162f15a0bc55ff3","SITE"
"2c90f58962df9c350162f15a81256065","SITE"
"2c90f58962df9c350162f15ab8ab6249","SITE"
"2c90f58962df9c350162f15ae36e625c","SITE"
"2c90f58962df9c350162f15b189562ed","SITE"
"2c90f589648b0dda01648ef871844c20","SITE"
"2c90f589648b0dda01648ef954904e40","SITE"
"2c90f589648b0dda01648f2c31161371","SITE"
"2c90f589648b0dda01648f5fb27f28bf","SITE"
"2c90f589648b0dda01648f5ff7502914","SITE"
"2c90f589648b0dda01648f60d650296a","SITE"
"2c90f589648b0dda01648f61454329fe","SITE"
"2c90f589648b0dda01648f61ee422a59","SITE"
"4028807d16245e4d01162462c6681a30","SITE"
"4028807d16245e4d01162462c6fd1a49","SITE"
"4028807d16245e4d01162463050e1b18","SITE"
"4028807d16245e4d0116246305a01b31","SITE"
"4028807d16245e4d0116246ceaca37be","SITE"
"4028807d16245e4d0116246ceb6537d7","SITE"
"4028807d16245e4d0116246cebef37f0","SITE"
"4028807d16245e4d0116246ced453822","SITE"
"4028807d16245e4d0116246cee673854","SITE"
"4028807d16245e4d0116246cf069389f","SITE"
"4028807d16245e4d0116246cf10238b8","SITE"
"4028807d16245e4d0116246cf1f638d1","SITE"
"4028807d16245e4d0116246cf2ae38ea","SITE"
"4028807d16245e4d0116246cf4b53935","SITE"
"4028807d16245e4d0116246cf564394e","SITE"
"4028807d16245e4d0116246cf61c3967","SITE"
"4028807d16245e4d0116246cf6e53980","SITE"
"4028807d16245e4d0116246cf7ab3999","SITE"
"4028807d16245e4d0116246cf87939b2","SITE"
"4028807d16245e4d0116246cf93d39cb","SITE"
"4028807d16245e4d0116246cfb7e39fd","SITE"
"4028807d16245e4d0116247076bb53cc","SITE"
"4028807d16245e4d011624741ee464fd","SITE"
"4028807d16245e4d01162474213e6561","SITE"
"4028807d16245e4d0116247421e4657a","SITE"
"4028807d16245e4d01162474228c6593","SITE"
"4028807d16245e4d01162474231e65ac","SITE"
"4028807d16245e4d01162474258d6610","SITE"
"4028807d16245e4d0116247526f96b6f","SITE"
"4028807d16245e4d0116247895037a20","SITE"
"4028807d16245e4d01162478959e7a39","SITE"
"4028807d16245e4d01162478964a7a52","SITE"
"4028807d16245e4d0116247897a57a84","SITE"
"4028807d16245e4d01162478984e7a9d","SITE"
"4028807d16245e4d0116247898f87ab6","SITE"
"4028807d16245e4d0116247899a17acf","SITE"
"4028807d16245e4d011624789a527ae8","SITE"
"4028807d16245e4d011624789bd97b1a","SITE"
"4028807d16245e4d011624789cae7b33","SITE"
"4028807d16245e4d011624789d647b4c","SITE"
"4028807d16245e4d011624789e557b65","SITE"
"4028807d16245e4d011624789f467b7e","SITE"
"4028807d16245e4d01162478a5857c2d","SITE"
"4028807d16245e4d01162478a6637c46","SITE"
"4028807d16245e4d01162478a7577c5f","SITE"
"4028807d16245e4d01162478a8417c78","SITE"
"4028807d16245e4d01162478a9857c91","SITE"
"4028807d16245e4d01162478aca97cdc","SITE"
"4028807d16245e4d01162478adaa7cf5","SITE"
"4028807d16245e4d01162478b2097d59","SITE"
"4028807d16245e4d01162478b3187d72","SITE"
"4028807d16245e4d01162478b54b7da4","SITE"
"4028807d16245e4d01162478b8b27def","SITE"
"4028807d16245e4d01162478bc4f7e3a","SITE"
"4028807d16245e4d01162478bd6f7e53","SITE"
"4028807d16245e4d01162478c0077e85","SITE"
"4028807d16245e4d01162478c1397e9e","SITE"
"4028807d16245e4d01162478c2a87eb7","SITE"
"4028807d16245e4d01162478c3de7ed0","SITE"
"4028807d16245e4d01162478c51a7ee9","SITE"
"4028807d16245e4d01162478c6a17f02","SITE"
"4028807d16245e4d01162478c7e37f1b","SITE"
"4028807d16245e4d01162478c9287f34","SITE"
"4028807d16245e4d01162478ca807f4d","SITE"
"4028807d16245e4d01162478cbd67f66","SITE"
"4028807d16245e4d01162478cd207f7f","SITE"
"4028807d16245e4d01162478cfcf7fb1","SITE"
"4028807d16245e4d01162478d2a87fe3","SITE"
"4028807d16245e4d01162478d5750015","SITE"
"4028807d16245e4d01162478d8700047","SITE"
"4028807d16245e4d01162478de7600ab","SITE"
"4028807d16245e4d01162478e5ae010f","SITE"
"4028807d16245e4d01162478ea48015a","SITE"
"4028807d16245e4d01162478ebda0173","SITE"
"4028807d16245e4d01162478ed7c018c","SITE"
"4028807d16245e4d01162478ef1301a5","SITE"
"4028807d16245e4d01162478f0a601be","SITE"
"4028807d16245e4d011624991d3f7620","SITE"
"4028807d16245e4d0116249a523e02b3","GROUP"
"4028807d16245e4d0116249a58a00319","SITE"
"4028807d16245e4d0116249a59b0034b","SITE"
"4028807d16245e4d0116249a5fc1042c","SITE"
"4028807d16245e4d0116249a612c045e","SITE"
"4028807d16245e4d0116249a61dd0477","SITE"
"4028807d16245e4d0116249a634c04a9","SITE"
"4028807d16245e4d0116249a641c04c2","SITE"
"4028807d16245e4d0116249cada919ae","SITE"
"4028807d16245e4d0116249e4259205e","GROUP"
"4028807d16245e4d0116249e46d8208e","SITE"
"4028807d16245e4d0116249ee8d7222f","SITE"
"d3739445325c4b570132724f5d647924","SITE"
"d3739445325c4b570132724fdc89792d","SITE"
"d3739445325c4b570132725180ea7a6b","SITE"
"d3739445325c4b57013272571c267b59","SITE"
"d3739445325c4b57013272577b617b62","SITE"
"d3739445325c4b5701327257d92a7b6b","SITE"
"d373944532c14a6e0132d42478ac1fe6","SITE"
"d373944532c14a6e0132d424b94e1fef","SITE"
"d373944534581548013464cbaa8a2219","SITE"
"d3739445351bf62a01351c2621180004","GROUP"
"d3739445351bf62a013543c8f8616234","SITE"
"d3739445351bf62a013543ca29096242","SITE"
"d3739445351bf62a013543ca99dd624c","SITE"
"d3739445351bf62a013543cb0f8d6255","SITE"
"d3739445351bf62a013543cb81d6625f","SITE"
"d3739445351bf62a013543cbda51626a","SITE"
"d3739445351bf62a013543cc315f6273","SITE"
"d37394453554d4dd0135588c8f4c1820","SITE"
"d3739445355c87aa013562a523fb0bcd","SITE"
"d3739445355c87aa013562a5b8ad0bd6","SITE"
"d373944535b6663d0135c4cb5e9452c7","SITE"
"d373944535c610f2013616d0ab8c4741","SITE"
"d3739445361a717001363f0368cc2ff7","SITE"
"d3739445367d297601367de4e5995f77","SITE"
"d37394453687d3230136883f5d3c4c9d","SITE"
"d373944536c784aa01371874af14690f","SITE"
"d373944536c784aa01371874fe756921","SITE"
"d373944536c784aa013718825875239e","SITE"
"d3739445374d5348013754f0a8173cb3","SITE"
"d3739445374d534801379cb8ab372357","SITE"
"d3739445374d534801379cb9a0ca24af","SITE"
"d37394453804a56c0138054987e414b0","SITE"
"d37394453804a56c0138054a551d1679","SITE"
"d37394453804a56c0138054aa4281689","SITE"
"d37394453804a56c0138054afd8e1772","SITE"
"d37394453804a56c0138054b606317b8","SITE"
"d3739445386e010701387b41909f0bba","SITE"
"d373944538859c340138940b6e26682c","SITE"
"d373944538859c340138950f3fca282a","SITE"
"d373944538859c340138950f7e172859","SITE"
"d373944539678fdb01398c48bb7a32a7","SITE"
"d373944539678fdb01399ff1118c3042","SITE"
"d373944539678fdb01399ff1845530b3","SITE"
"d37394453a56aaa2013a6495a4790775","SITE"
"d37394453a56aaa2013a685aa39c455a","SITE"
"d37394453afec751013b415581dd4b9c","SITE"
"d37394453b7d7c4d013b84614e461fc6","SITE"
"d37394453bb51e7d013bbdcdded81e57","SITE"
"d37394453ca3b443013ca9ca6784412b","SITE"
"d37394453ca3b443013ca9cb031641a3","SITE"
"d37394453ca3b443013ca9cbdeb141d7","SITE"
"d37394453ca3b443013ca9cc3f9d4220","SITE"
"d37394453ca3b443013ca9cca7634229","SITE"
"d37394453ca3b443013cb050a7921578","SITE"
"d37394453d4c0142013d59a90b5d0a07","SITE"
"d37394453d4c0142013d59a970f00b4d","SITE"
"d37394453d863f29013d9135e30f41d9","SITE"
"d37394453d863f29013da5d4047e2f1e","SITE"
"d37394453dad7dad013dcaaaf49500e1","SITE"
"d37394453e001d04013e117f546d02a8","SITE"
"d37394453e1e8ab0013e30fcffde2d28","SITE"
"d37394453e1e8ab0013e30fd6b7f2dca","SITE"
"d37394453e3d7bba013e4106dd041166","SITE"
"d37394453e3d7bba013e4192275b1679","SITE"
"d37394453e550913013e643a411d5927","SITE"
"d37394453e9f5a0b013ee543b0ee0592","SITE"
"d37394453f1ec161013f3cd6d4ab07af","SITE"
"d37394c51f4080df011f5afbe3ce246e","SITE"
"d37394c51f4080df011f5b0d73b7249c","SITE"
"d37394c51f4080df011f5b0dd9d324aa","SITE"
"d37394c51f5bcd4e011f60eb0f1c0c31","SITE"
"d37394c51fa9e652011fec25181e39cd","SITE"
"d37394c51ff1f77a01200efedb572b7b","SITE"
"d37394c51ff1f77a01200eff06652b89","SITE"
"d37394c520207a3b01203dbca6aa2d42","SITE"
"d37394c520207a3b0120566664ea1a1f","SITE"
"d37394c520207a3b01206b46c14236a0","SITE"
"d37394c5208c61e801208f987ca5085f","SITE"
"d37394c5208c61e801208f98e5a00868","SITE"
"d37394c5208c61e80120b472d9d3015b","SITE"
"d37394c5208c61e80120b473473c01da","SITE"
"d37394c5208c61e80120b473b1fd01e3","SITE"
"d37394c5208c61e80120b474351701fd","SITE"
"d37394c5208c61e80120b47498a9027b","SITE"
"d37394c5208c61e80120d2e9525a5872","SITE"
"d37394c5208c61e80120e7b2d30f73ad","SITE"
"d37394c520f380a201213500647a2ee4","SITE"
"d37394c520f380a20121872cb6bb3962","SITE"
"d37394c520f380a20121afb741176c0f","SITE"
"d37394c520f380a20121afb793d66c19","SITE"
"d37394c520f380a20121afb7e6e56c22","SITE"
"d37394c520f380a20121afb857c36c2c","SITE"
"d37394c520f380a20121afb8b2236c35","SITE"
"d37394c520f380a20121afb914f76c40","SITE"
"d37394c520f380a20121afb96aa76c49","SITE"
"d37394c521d10d520121d49723420653","SITE"
"d37394c521ef365f0121f26090fe02c6","SITE"
"d37394c52218f01201227d9f07b0236b","SITE"
"d37394c52218f01201227e8d59e13549","SITE"
"d37394c5237befa101237ff69a0b039f","SITE"
"d37394c5237befa10123cd2bc9986048","SITE"
"d37394c523dc29c10123dd52bcda174c","SITE"
"d37394c523fb2004012409f34bce36d3","SITE"
"d37394c523fb2004012409f6a086370f","SITE"
"d37394c523fb2004012409f73d083721","SITE"
"d37394c523fb2004012409facc223784","SITE"
"d37394c523fb2004012409fb176c378d","SITE"
"d37394c523fb2004012409fb9a243796","SITE"
"d37394c524efa6a10124fca980240434","SITE"
"d37394c524efa6a10124fd294b0f0534","SITE"
"d37394c527d49588012816a6b6ca7b32","SITE"
"d37394c527d4958801281b4ce9990aea","SITE"
"d37394c52864493d01287240eb666a95","SITE"
"d37394c529051639012926e8071d028f","SITE"
"d37394c529ec4a630129fe8390a949e2","SITE"
"d37394c52b5f9ddf012b810604e5673d","SITE"
"d37394c52ba75645012baaa890580999","SITE"
"d37394c52ba75645012bab0fafe71297","SITE"
"d37394c52bd5865e012bf76e463f6dc7","SITE"
"d37394c52c51c932012c63d1685a58fa","SITE"
"d37394c52ca3d696012ca699a0e405a7","SITE"
"d37394c52ca3d696012ca69a593405bb","SITE"
"d37394c52cca7051012ce546699a406a","SITE"
"d37394c52ce75667012cff26d6797e61","SITE"
"d37394c52ce75667012d9de2761e28a1","SITE"
"d37394c52ce75667012da4cf691e65cf","SITE"
"d37394c52ce75667012db75d082615da","SITE"
"d37394c52dba36fd012de08bc73d4c53","SITE"
"d37394c52dba36fd012de1ca6618653f","SITE"
"d37394c52dba36fd012de1d87321662f","SITE"
"d37394c52dba36fd012de72110da38be","SITE"
"d37394c52dba36fd012de721cbf238c7","SITE"
"d37394c52dba36fd012de722845d38d0","SITE"
"d37394c52dba36fd012de72646f438ef","SITE"
"d37394c52dba36fd012de726e76e38f8","SITE"
"d37394c52dba36fd012de7283b293903","SITE"
"d37394c52dba36fd012de7292d2d390c","SITE"
"d37394c52dba36fd012dea9bf9df3ad4","SITE"
"d37394c52dba36fd012deaa5d5c43aea","SITE"
"d37394c52dba36fd012deaa6a7983af3","SITE"
"d37394c52dba36fd012deaa791463afc","SITE"
"d37394c52dba36fd012deaab8b773b0f","SITE"
"d37394c52dba36fd012deaad51af3b9c","SITE"
"d37394c52dba36fd012deaaf22753bc6","SITE"
"d37394c52dba36fd012debaf58273f30","SITE"
"d37394c52dba36fd012dec60b8dc4223","SITE"
"d37394c52dba36fd012dec615376422d","SITE"
"d37394c52dba36fd012dec61f2df4236","SITE"
"d37394c52dba36fd012dec627bf94240","SITE"
"d37394c52dba36fd012dec631cb3424b","SITE"
"d37394c52dba36fd012dec6402944256","SITE"
"d37394c52dba36fd012dec64be82425f","SITE"
"d37394c52dba36fd012dec66f3654268","SITE"
"d37394c52dba36fd012dec67b7624271","SITE"
"d37394c52dba36fd012dec6837d5427a","SITE"
"d37394c52dba36fd012dec68c8a44285","SITE"
"d37394c52dba36fd012df03f867c587a","SITE"
"d37394c52dba36fd012df040bc08588c","SITE"
"d37394c52dba36fd012df0420cc958a7","SITE"
"d37394c52e1a2820012e28bf2a3732dd","GROUP"
"d37394c52e1a2820012e28bfd1ca32ed","SITE"
"d37394c52e1a2820012e28c0c48732f6","SITE"
"d37394c52e1a2820012e28c146ad32ff","SITE"
"d37394c52e1a2820012e28c1b2733309","SITE"
"d37394c52e1a2820012e28c216e43313","SITE"
"d37394c52e1a2820012e28c27d76331c","SITE"
"d37394c52e1a2820012e28c2e6f93325","SITE"
"d37394c52e1a2820012e28c33dd8332e","SITE"
"d37394c52e1a2820012e28c3e7be333d","SITE"
"d37394c52e1a2820012e28c44f5d3346","SITE"
"d37394c52e1a2820012e28c4bf6e334f","SITE"
"d37394c52e1a2820012e28c549ac3358","SITE"
"d37394c52e1a2820012e383c0a31526d","SITE"
"d37394c52e1a2820012e384c415453e7","SITE"
"d37394c52e599cde012eed5c982343ca","SITE"
"d37394c52f08cc1c012f24b06ac61170","SITE"
"d37394c52f494d90012f4dd10c7a240a","SITE"
"d37394c52f494d90012f4dd16c322413","SITE"
"d37394c52f494d90012f4dd1f8d2241c","SITE"
"d37394c52f494d90012f4de129f42448","SITE"
"d37394c52f494d90012f4de1a73b2453","SITE"
"d37394c52f494d90012f4dfb5b0c2530","SITE"
"d37394c52f494d90012f4dfc428d2551","SITE"
"d37394c52f494d90012f4dfcb506255d","SITE"
"d37394c52f494d90012f4dfd1d342568","SITE"
"d37394c52f494d90012f4dfd89482574","SITE"
"d37394c52f494d90012f4e0093f52596","SITE"
"d37394c52f494d90012f4e010e5d25a4","SITE"
"d37394c52f494d90012f4e016b7125b4","SITE"
"d37394c52f494d90012f4e01ef4a25c1","SITE"
"d37394c52f494d90012f4e024e0625d0","SITE"
"d37394c52f494d90012f4e02c04c25e0","SITE"
"d37394c52f494d90012f4e03263225ed","SITE"
"d37394c52f494d90012f4e03a25325fb","SITE"
"d37394c52f494d90012f4e040920260f","SITE"
"d37394c52f494d90012f4e047e4f261e","SITE"
"d37394c52f494d90012f4e04f8ed2627","SITE"
"d37394c52f494d90012f4e07d57e2691","SITE"
"d37394c52f494d90012f4e08eb2626a6","SITE"
"d37394c52f494d90012f4e09512726af","SITE"
"d37394c52f494d90012f4e09a81c26bc","SITE"
"d37394c52f494d90012f4e0a470326d7","SITE"
"d37394c52f494d90012f4e0d1f4426fc","SITE"
"d37394c52f494d90012f58e0d05e5b32","SITE"
"d37394c52f5b3034012f678f32ca7153","SITE"
"d37394c52f5b3034012f678fbb38715e","SITE"
"d37394c52f5b3034012f67902b967167","SITE"
"d37394c52f5b3034012f7cbd75762c95","SITE"
"d37394c52f5b3034012f7cbefddc2cac","SITE"
"d37394c52fc2d231012fd933d6cb2745","SITE"
"d37394c52fe0a71301301dc30046247e","SITE"
"d37394c52fe0a71301301dc65de72488","SITE"
"d37394c52fe0a71301301dc82d5e2493","SITE"
"d37394c52fe0a71301301dc89664249c","SITE"
"d37394c52fe0a71301301dca238124c2","SITE"
"d37394c52fe0a71301301dca783a24cb","SITE"
"d37394c52fe0a71301301e14b792262a","SITE"
"d37394c52fe0a71301301e15bd542645","SITE"
"d37394c52fe0a71301301e161266264e","SITE"
"d37394c52fe0a71301301e166ddc2657","SITE"
"d37394c52fe0a71301301e16b97a2660","SITE"
"d37394c52fe0a71301301e1753e42672","SITE"
"d37394c52fe0a71301301e17986c267b","SITE"
"d37394c52fe0a71301301e17ed362684","SITE"
"d37394c52fe0a71301301e189f142697","SITE"
"d37394c53054794701306e7f9ed847cc","SITE"
"d37394c53054794701306ecd83515519","SITE"
"d37394c53054794701307d4bcfd351a5","SITE"
"d37394c530547947013097de81f03a55","SITE"
"d37394c53120b52601312e4341494bd3","SITE"
"d37394c53120b52601312e43b2524bdc","SITE"
"d37394c53120b52601312e4416cf4be7","SITE"
"d37394c53120b52601312e44925c4bf0","SITE"
"d37394c53150a7bd013151523e150b1f","SITE"
"d37394c53150a7bd01315152f64e0b29","SITE"
"d37394c53150a7bd0131515350990b32","SITE"
"d37394c53150a7bd01315153a3490b3b","SITE"
"d37394c531602607013176008882444f","SITE"
"d37394c53160260701319964f6c07581","SITE"
"d37394d9167bd9240116804ebe7d0192","SITE"
"d37394d916f7c2060117441728d82924","SITE"
"d37394d9175f5d120117880ecb172122","SITE"
"d37394d9175f5d120117888c72f52302","SITE"
"d37394d918369cd2011865c0ba7f398e","SITE"
"d37394d91873df6b011883be61f314f3","SITE"
"d37394d919f18df7011a15f4e11d1870","SITE"
"d37394d919f18df7011a15f5d52018c2","SITE"
"d37394d919f18df7011a39eb50ea27cb","SITE"
"d37394d91a5775c3011a7d15ab963704","SITE"
"d37394d91a9de1b9011ab56f70651c08","SITE"
"d37394d91a9de1b9011ab56fbb3b1c18","SITE"
"d37394d91a9de1b9011ab56ffa521c29","SITE"
"d37394d91b6db401011b9368bc8d2f1c","SITE"
"d37394d91b9ec55d011ba1a6ea8d04fb","SITE"
"d37394d91b9ec55d011ba1a8b0050562","SITE"
"d37394d91b9ec55d011ba1a8da070571","SITE"
"d37394d91b9ec55d011ba1a951e6058f","SITE"
"d37394d91b9ec55d011ba1a9f71005cd","SITE"
"d37394d91b9ec55d011ba1aa63d405eb","SITE"
"d37394d91b9ec55d011ba1be1fa9065c","SITE"
"d37394d91b9ec55d011ba1be4fcd066b","SITE"
"d37394d91b9ec55d011ba1bfe225067e","SITE"
"d37394d91b9ec55d011ba1c65210073c","SITE"
"d37394d91b9ec55d011ba1c88ae50779","SITE"
"d37394d91b9ec55d011ba1c925a00789","SITE"
"d37394d91c2f2b74011c998d15315e45","SITE"
"d37394d91c2f2b74011ce0fd75b05fd1","SITE"
"d37394d91d8fd53a011db4f3c45f2873","SITE"
"d37394d91e640578011ebba9d0ba0a8a","SITE"
"ff80818166921c2a0166a145ca003c30","GROUP"
"ff80818166c98c000166eeb97a183224","SITE"
"ff80818167575f5f0167733095ce6aee","SITE"
"ff80818167b26ea80167eea0507f1f1d","SITE"
"ff80818168778efc01687b656233337f","SITE"
"ff808181691f4ccc0169348bffae30db","SITE"
"ff808181691f4ccc0169348cb4f83634","SITE"
"ff808181691f4ccc0169348ceb7a38ec","SITE"
"ff808181691f4ccc0169348d28093bd2","SITE"
"ff808181691f4ccc016976ad8cd90d01","SITE"
"ff80818169792112016991efc1193d30","SITE"
"ff80818169d402860169dcd5ae0d30fa","SITE"
"ff8081816a841436016ad5b6a53957f1","SITE"
"ff8081816ae68c28016af82dfeed405f","SITE"
"ff8081816b2965e7016b4c45c4086529","SITE"
"ff8081816b653c05016b74fc37cb7cae","SITE"
"ff8081816b653c05016b74fc6e507e0f","SITE"
"ff8081816b653c05016b74fcc1067e29","SITE"
"ff8081816b653c05016b74fcf0237e52","SITE"
"ff8081816bc84bfd016bdbc0c05a0fea","SITE"
"ff8081816bc84bfd016bdbc151521049","SITE"
"ff8081816be2db44016be50e58fc126b","SITE"
"ff8081816bea7393016c007810030e6a","SITE"
"ff8081816c23190a016c24000a5a6abb","SITE"
"ff8081816c23190a016c24006c976c1f","SITE"
"ff8081816c23190a016c24009aad6c54","SITE"
"ff8081816c2fe851016c3c8b536e3f80","SITE"
"ff8081816cf8cb2d016d02303e594cf4","SITE"
"ff8081816d9b8356016daaa144135cea","SITE"
"ff8081816d9b8356016dafd6600321e8","SITE"
"ff8081816db23ff3016dbb1436d739ea","SITE"
"ff8081816dd13d67016dd50fa9f676b5","SITE"
"ff8081816dd13d67016ded7a009a54b8","SITE"
"ff8081816e04f003016e128549e500c8","SITE"
"ff8081816e04f003016e17b71949033c","SITE"
"ff8081816e4789cf016e4c08866a0d90","SITE"
"ff8081816f82146d016f8572658a4ce2","SITE"
"ff8081816f956353016f9e0402e259b0","SITE"
"ff8081816ff85a2701700b1d9f863ee0","SITE"
"ff8081816ff85a2701700b1e280f3f2d","SITE"
"ff8081816ff85a2701700b1eb26c3fbe","SITE"
"ff80818170122875017014d8f6886cd0","SITE"
"ff808181706ea80601707bfd5c675316","SITE"
"ff80818170c6ae290170d4376d953371","SITE"
"ff80818170c6ae290170d437cc52338a","SITE"
"ff80818170c6ae290170e818cada7550","SITE"
"ff80818171138064017134ddacb70d32","SITE"
"ff80818171138064017140422e46153a","SITE"
"ff8081817113806401714042579716a2","SITE"
"ff808181717a658e017181c0a2022261","SITE"
"ff808181717a658e017181c124ca22c6","SITE"
"ff808181725806fc017299554104555f","SITE"
"ff80818172c43c3a0172c675afe25945","ABOVE_SITE"
"ff80818172c43c3a0172c675f04f5afc","ABOVE_SITE"
"ff80818172c43c3a0172c67735895c2e","SITE"
"ff80818172c43c3a0172c7a3d28c62e5","SITE"
"ff80818173787da801739e854673578c","SITE"
"ff808181745ebd23017468c613a638ec","SITE"
"ff80818174e6040901750226de54570a","SITE"
"ff80818174e604090175022777fb584e","SITE"
"ff80818174e6040901750227f26959d6","SITE"
"ff80818174e604090175022989a25da1","SITE"
"ff80818174e604090175036af76b3803","SITE"
"ff808181751301e9017522740a11111d","SITE"
"ff8081817528e71501754135cdfb6d7b","SITE"
