"page_order","questionnaire_id","pages_id"
"7","7FAE1993C5027CE676D551A2BDFE6C04","03C4AD7888A7E4C54975A8DDC0B7FD89"
"6","7FAE1993C5027CE676D551A2BDFE6C04","07B1E039C8678D21175FB8EBBB4E06FC"
"5","7FAE1993C5027CE676D551A2BDFE6C04","0EDF28B413735DC197E24A5AA46B188C"
"9","77D3F03B15B1CFEE59C5D16D0BE37123","0EED0BAB1E6211E9997EFA163E3BC92C"
"8","ABD03ACB00C00FE88EB701362C91F463","10EF07CC6EEC0BD16EFC9069C8D4C02D"
"4","7FAE1993C5027CE676D551A2BDFE6C04","1D74D37FA4D45B83F416CDDB677E6EBA"
"2","5E0F845AA9A537AAD2DD3E0FB248A44E","2432C61399654853656C3A9E96D691A8"
"0","ABD03ACB00C00FE88EB701362C91F463","29C2FB940CD1EAF39D8BF1AFCA0E23B3"
"3","ABD03ACB00C00FE88EB701362C91F463","2A8F77A459506726759AE4FB9C805504"
"4","77D3F03B15B1CFEE59C5D16D0BE37123","37DFB171EB069D6050FF04026321A82E"
"8","7FAE1993C5027CE676D551A2BDFE6C04","3CAE2E4FB80F036142E14085CBA91547"
"10","7FAE1993C5027CE676D551A2BDFE6C04","443B1E0EB95C304E1695AE1093C09CA9"
"1","7FAE1993C5027CE676D551A2BDFE6C04","47F7C1F4C2D5515A0CD260621108E4CF"
"1","77D3F03B15B1CFEE59C5D16D0BE37123","496ABDD2CE176B1C2D8DFC012CE545CA"
"2","ABD03ACB00C00FE88EB701362C91F463","4C13098DC9F7734C0055465EE5B6C80B"
"8","77D3F03B15B1CFEE59C5D16D0BE37123","5E278A45E260F9D1924C6B486E6B462F"
"2","77D3F03B15B1CFEE59C5D16D0BE37123","663F8287133D71ECAEE1982FBF63E500"
"0","77D3F03B15B1CFEE59C5D16D0BE37123","72F5B7EEB6C88A541413B840C52EA8D8"
"7","77D3F03B15B1CFEE59C5D16D0BE37123","79FDFCE2316E90CBE04CD187A25DA14F"
"1","5E0F845AA9A537AAD2DD3E0FB248A44E","7CC7CF85CC4B366B592FDF236A4196CC"
"0","D597C271A829F7FBE0C01FD4109854EE","7F0CAA108998908EB978E50D7971B666"
"9","7FAE1993C5027CE676D551A2BDFE6C04","80203BE21F599D39C8B7B3CB06ED3D54"
"1","ABD03ACB00C00FE88EB701362C91F463","807897544A88123E07CB0F01065DF210"
"10","77D3F03B15B1CFEE59C5D16D0BE37123","958522295D23EABC5B09646C9C300D74"
"7","ABD03ACB00C00FE88EB701362C91F463","98A54F64158ACE10564D5C481FA8DE88"
"5","ABD03ACB00C00FE88EB701362C91F463","9A106F283B62534DE8815F97130B3B00"
"3","7FAE1993C5027CE676D551A2BDFE6C04","9F8A7CFBD723CC27F9120A8FC895DC61"
"6","ABD03ACB00C00FE88EB701362C91F463","A1806944F40B79580FF2E2003F282473"
"4","ABD03ACB00C00FE88EB701362C91F463","A1D07850B9CB96C827C3352ECF66962F"
"4","D597C271A829F7FBE0C01FD4109854EE","AD0BD04A2E7C265BB80D57AF6F93CEDB"
"0","7FAE1993C5027CE676D551A2BDFE6C04","C1AA0DBAB609746AC466F362E4B80ACE"
"0","C540C42A14EA11E9B4A4FA163E3BC92C","C541489614EA11E9B4A4FA163E3BC92C"
"1","C540C42A14EA11E9B4A4FA163E3BC92C","C5417A1114EA11E9B4A4FA163E3BC92C"
"2","C540C42A14EA11E9B4A4FA163E3BC92C","C541861214EA11E9B4A4FA163E3BC92C"
"3","C540C42A14EA11E9B4A4FA163E3BC92C","C541919614EA11E9B4A4FA163E3BC92C"
"4","C540C42A14EA11E9B4A4FA163E3BC92C","C5419C4A14EA11E9B4A4FA163E3BC92C"
"0","5E0F845AA9A537AAD2DD3E0FB248A44E","C9894D96FB7578706D9DC0F2EA347408"
"2","D597C271A829F7FBE0C01FD4109854EE","CAC1CBA8E532E87B6E40B51BA02A21A1"
"1","D597C271A829F7FBE0C01FD4109854EE","CB43F5ACEC859A79D44B11EB311EEA6F"
"2","7FAE1993C5027CE676D551A2BDFE6C04","DD21F9B31A4B17DD76D46B0B99C2AA08"
"3","D597C271A829F7FBE0C01FD4109854EE","DEAD3CC2F66CAB4F6D8595AEFB4F50B4"
"3","77D3F03B15B1CFEE59C5D16D0BE37123","E9917B17B4A060F8F8F2B4B649469E3A"
"5","77D3F03B15B1CFEE59C5D16D0BE37123","EBAECE50F3A9E4E58319D664A4D6542E"
"6","77D3F03B15B1CFEE59C5D16D0BE37123","F5CDBDCDF75DFAA1A6BA541A72E4EAD8"
